data,ABRANTES,AGUIAR DA BEIRA,ALANDROAL,ALBERGARIA-A-VELHA,ALBUFEIRA,ALCANENA,ALCOBAÇA,ALCOCHETE,ALCOUTIM,ALCÁCER DO SAL,ALENQUER,ALFÂNDEGA DA FÉ,ALIJÓ,ALJEZUR,ALJUSTREL,ALMADA,ALMEIDA,ALMEIRIM,ALMODÔVAR,ALPIARÇA,ALTER DO CHÃO,ALVAIÁZERE,ALVITO,AMADORA,AMARANTE,AMARES,ANADIA,ANGRA DO HEROÍSMO,ANSIÃO,ARCOS DE VALDEVEZ,ARGANIL,ARMAMAR,AROUCA,ARRAIOLOS,ARRONCHES,ARRUDA DOS VINHOS,AVEIRO,AVIS,AZAMBUJA,BAIÃO,BARCELOS,BARRANCOS,BARREIRO,BATALHA,BEJA,BELMONTE,BENAVENTE,BOMBARRAL,BORBA,BOTICAS,BRAGA,BRAGANÇA,CABECEIRAS DE BASTO,CADAVAL,CALDAS DA RAINHA,CALHETA,CALHETA (AÇORES),CAMINHA,CAMPO MAIOR,CANTANHEDE,CARRAZEDA DE ANSIÃES,CARREGAL DO SAL,CARTAXO,CASCAIS,CASTANHEIRA DE PÊRA,CASTELO BRANCO,CASTELO DE PAIVA,CASTELO DE VIDE,CASTRO DAIRE,CASTRO MARIM,CASTRO VERDE,CELORICO DA BEIRA,CELORICO DE BASTO,CHAMUSCA,CHAVES,CINFÃES,COIMBRA,CONDEIXA-A-NOVA,CONSTÂNCIA,CORUCHE,CORVO,COVILHÃ,CRATO,CUBA,CÂMARA DE LOBOS,ELVAS,ENTRONCAMENTO,ESPINHO,ESPOSENDE,ESTARREJA,ESTREMOZ,FAFE,FARO,FELGUEIRAS,FERREIRA DO ALENTEJO,FERREIRA DO ZÊZERE,FIGUEIRA DA FOZ,FIGUEIRA DE CASTELO RODRIGO,FIGUEIRÓ DOS VINHOS,FORNOS DE ALGODRES,FREIXO DE ESPADA À CINTA,FRONTEIRA,FUNCHAL,FUNDÃO,GAVIÃO,GOLEGÃ,GONDOMAR,GOUVEIA,GRÂNDOLA,GUARDA,GUIMARÃES,GÓIS,HORTA,IDANHA-A-NOVA,LAGOA,LAGOA (FARO),LAGOS,LAJES DAS FLORES,LAJES DO PICO,LAMEGO,LEIRIA,LISBOA,LOULÉ,LOURES,LOURINHÃ,LOUSADA,LOUSÃ,MACEDO DE CAVALEIROS,MACHICO,MADALENA,MAFRA,MAIA,MANGUALDE,MANTEIGAS,MARCO DE CANAVESES,MARINHA GRANDE,MARVÃO,MATOSINHOS,MAÇÃO,MEALHADA,MELGAÇO,MESÃO FRIO,MIRA,MIRANDA DO CORVO,MIRANDA DO DOURO,MIRANDELA,MOGADOURO,MOIMENTA DA BEIRA,MOITA,MONCHIQUE,MONDIM DE BASTO,MONFORTE,MONTALEGRE,MONTEMOR-O-NOVO,MONTEMOR-O-VELHO,MONTIJO,MONÇÃO,MORA,MORTÁGUA,MOURA,MOURÃO,MURTOSA,MURÇA,MÉRTOLA,MÊDA,NAZARÉ,NELAS,NISA,NORDESTE,ODEMIRA,ODIVELAS,OEIRAS,OLEIROS,OLHÃO,OLIVEIRA DE AZEMÉIS,OLIVEIRA DE FRADES,OLIVEIRA DO BAIRRO,OLIVEIRA DO HOSPITAL,OURIQUE,OURÉM,OVAR,PALMELA,PAMPILHOSA DA SERRA,PAREDES,PAREDES DE COURA,PAÇOS DE FERREIRA,PEDRÓGÃO GRANDE,PENACOVA,PENAFIEL,PENALVA DO CASTELO,PENAMACOR,PENEDONO,PENELA,PENICHE,PESO DA RÉGUA,PINHEL,POMBAL,PONTA DELGADA,PONTA DO SOL,PONTE DA BARCA,PONTE DE LIMA,PONTE DE SOR,PORTALEGRE,PORTEL,PORTIMÃO,PORTO,PORTO DE MÓS,PORTO MONIZ,PORTO SANTO,POVOAÇÃO,PROENÇA-A-NOVA,PÓVOA DE LANHOSO,PÓVOA DE VARZIM,REDONDO,REGUENGOS DE MONSARAZ,RESENDE,RIBEIRA BRAVA,RIBEIRA DE PENA,RIBEIRA GRANDE,RIO MAIOR,SABROSA,SABUGAL,SALVATERRA DE MAGOS,SANTA COMBA DÃO,SANTA CRUZ,SANTA CRUZ DA GRACIOSA,SANTA CRUZ DAS FLORES,SANTA MARIA DA FEIRA,SANTA MARTA DE PENAGUIÃO,SANTANA,SANTARÉM,SANTIAGO DO CACÉM,SANTO TIRSO,SARDOAL,SEIA,SEIXAL,SERNANCELHE,SERPA,SERTÃ,SESIMBRA,SETÚBAL,SEVER DO VOUGA,SILVES,SINES,SINTRA,SOBRAL DE MONTE AGRAÇO,SOURE,SOUSEL,SÁTÃO,SÃO BRÁS DE ALPORTEL,SÃO JOÃO DA MADEIRA,SÃO JOÃO DA PESQUEIRA,SÃO PEDRO DO SUL,SÃO ROQUE DO PICO,SÃO VICENTE,TABUAÇO,TAROUCA,TAVIRA,TERRAS DE BOURO,TOMAR,TONDELA,TORRE DE MONCORVO,TORRES NOVAS,TORRES VEDRAS,TRANCOSO,TROFA,TÁBUA,VAGOS,VALE DE CAMBRA,VALENÇA,VALONGO,VALPAÇOS,VELAS,VENDAS NOVAS,VIANA DO ALENTEJO,VIANA DO CASTELO,VIDIGUEIRA,VIEIRA DO MINHO,VILA DA PRAIA DA VITÓRIA,VILA DE REI,VILA DO BISPO,VILA DO CONDE,VILA DO PORTO,VILA FLOR,VILA FRANCA DE XIRA,VILA FRANCA DO CAMPO,VILA NOVA DA BARQUINHA,VILA NOVA DE CERVEIRA,VILA NOVA DE FAMALICÃO,VILA NOVA DE FOZ CÔA,VILA NOVA DE GAIA,VILA NOVA DE PAIVA,VILA NOVA DE POIARES,VILA POUCA DE AGUIAR,VILA REAL,VILA REAL DE SANTO ANTÓNIO,VILA VELHA DE RÓDÃO,VILA VERDE,VILA VIÇOSA,VIMIOSO,VINHAIS,VISEU,VIZELA,VOUZELA,ÁGUEDA,ÉVORA,ÍLHAVO,ÓBIDOS
24-03-2020,,,,5,5,,,3,,,,,,,,31,,,,,,,,21,,,,,,3,,,,,,,6,,,,3,,5,,,,,,,,21,4,,,,,,,,,,,4,39,,,,,,,,,,,3,,34,3,,4,,,,,3,,,8,,,,,8,17,,,,,,,,,10,,,,56,,,3,15,,,,,3,,,,,,175,,24,,29,,,,,7,104,,,3,,,54,,,,,,,,3,,,4,,,,,,,5,,,,,,,,,,,,,,,14,16,,,11,,,,,,55,,,7,,5,,,6,,,,,,,,3,,,,,,,,8,126,,,,,,,,,,,,,,,,,,,,,,33,,,9,,7,,,21,,,,4,7,,3,,39,,3,,,,,,,,,,,,,,,,,,,,,,3,,65,,,,,7,,,,,,8,,,5,,,,12,,68,,,,4,,,,,,,6,,,3,4,,
25-03-2020,,,,5,8,,,3,,,,,,,,35,,3,,,,,,24,,,,,,3,,,,,,,6,,,,3,,6,,,,,,,,25,4,,,,,,,,,,,4,43,,,,,,,,,,,3,,41,3,,4,,,,,3,,,9,,,,,9,17,,,,,,,,,10,,,,62,,,3,17,,,,,3,,,,,,187,,28,,27,,,,,8,119,,,4,,,56,,,,,,,,3,,,5,,,,,,,4,,,,,,,,,,,,,,,18,17,,,18,,,,,3,58,,,8,,10,,,7,,,,,,,,3,,,,,,,,7,137,,,,,,,,,,,,,,,,,,,,,,39,,,9,,8,,,29,,,,4,9,,3,,43,,3,,,,,,,,,,,,,,,,,,,,,,4,,71,,,,,7,,,,,,8,,,6,,,,14,,83,,,,9,,,,,,,11,,,3,5,,
26-03-2020,,,,21,18,,,3,,,,,,,,35,,3,,,,3,,31,,6,,,,8,,,,,,,46,,,,15,,6,,,,,,,,98,19,,,,,,3,,4,,,4,44,,,,,,,,,,,3,,87,4,,4,,,,,,,,13,5,6,,5,25,24,,,,,,,,,,,,,114,,6,,41,,,,,,4,,,,7,284,8,28,,33,,3,,,8,157,,,,6,,81,,,,,,,,5,,,5,,,,,,4,4,,,,,,,,,,,3,,,,18,17,,,26,,6,,,3,119,,,16,,19,,,11,,,,,,,,12,,,,5,,,,16,259,,,,,,4,13,,,3,,,,,,,,,,,,45,,,9,,13,,,29,,,,4,9,,5,,8,,7,,,,3,,,,,,,,,,,,,,,8,,3,3,,100,,,,,19,,,,,,12,,,6,,,,44,,163,,,,8,3,,,,,,20,,,10,8,10,
27-03-2020,,,,28,22,,,3,,,,,,,,35,3,3,,,,3,,31,3,7,4,,,8,,,,,,,55,,,,20,,6,,,,,,,,131,20,,,,,,3,,4,,,4,44,,,,,,,,,,,3,,109,5,,4,,,,,,,,17,5,9,,5,26,26,,,3,,,,,,,,,,149,,6,,51,,,,,4,,,,,7,284,14,28,,38,,4,,,8,171,,,,6,,107,,,,,,,,6,,,5,,,,,,8,4,,,,,,4,,,,,3,,,,18,17,,,30,,7,,,3,145,,,18,,22,,4,11,,,,,,,,13,,,,5,,,,17,317,,,,,,7,15,,,9,,,,,,,,,,,,54,,,9,,20,,,29,,,,4,9,,5,,8,,7,,,,9,,,,,,,,,,,3,,,,8,,4,5,,108,,,,,19,,,,,,15,,,6,,,,48,,262,,,,34,5,,5,,,,21,3,,10,8,12,
28-03-2020,,,,28,22,,,3,,,,,,,,53,3,7,,3,,4,,41,4,8,4,,,7,,,8,,,,62,,,,20,,18,,,,6,,,,152,25,,,8,,4,3,,7,3,,13,81,,,,,,,,,,,10,,110,6,,4,,,,,4,,,18,7,15,,5,26,26,,,3,,,,,,16,,,,153,,6,,51,,4,,,3,,,,,7,366,13,57,,38,,4,,3,24,219,,,9,7,,189,,,,,,,,8,,,10,,,,,,8,9,3,,,,,5,,,,,4,,,,46,47,,,46,3,7,,,4,145,5,,21,,22,,3,13,,,,,,,,13,,,,5,,,,17,343,,,,,,7,15,,3,32,,,,,,,,,,,,103,,,20,,24,,,59,,,,7,15,,5,,116,,7,,,,13,,,,,,,,,6,,3,3,13,,14,,5,15,,139,,5,,,24,,,,,,22,,,16,,,,48,,262,,,3,98,5,,10,,,,21,4,,13,12,12,
29-03-2020,,,,32,19,,,3,,,,,,,,64,,7,,3,,4,,53,5,9,4,5,,9,,,10,,,,95,,,4,29,,17,,,,13,,,,208,38,,,3,,4,3,,8,3,,11,110,,,,,,,,,,,11,3,199,13,,4,,,,,6,,,27,8,16,,5,20,37,,,3,,,,,,23,,,,242,,3,,70,,4,,,,18,,,4,10,594,15,64,,42,3,5,,3,27,296,,,15,7,,254,,4,,,,3,,10,,,12,,,,,,10,11,3,,,,,6,,,,,4,,,,63,74,,3,67,7,9,,,5,159,7,,34,,31,,3,21,,,,,,5,,18,7,5,,3,,,,18,417,,,,,,12,16,,3,26,,,,,,,,,4,,,136,,,22,,42,,,66,,,,10,20,3,5,4,148,,6,,,,28,,3,,,,,,,3,,,,11,,29,,5,24,,184,3,6,,,33,,,3,,,32,,,22,,,,61,,351,,,3,103,5,,14,,3,,20,5,,15,20,12,
30-03-2020,7,,,50,21,3,,3,,,4,,,,,68,6,9,,3,,4,,63,6,9,5,5,,9,,,12,,,,95,,3,4,35,,23,,,,12,,,,213,44,,,8,,4,3,,8,3,,13,119,,,,,22,,,,,,12,5,229,15,,5,,,,,6,,,29,8,23,,6,21,42,,,7,,,,,,23,,,,276,,6,4,75,3,6,,,,18,,,4,10,633,17,72,,44,4,7,,3,31,313,,,18,7,,295,,5,4,,,4,,10,,,12,,,,,,12,11,3,,,,,6,,,,,5,,,,64,79,,3,71,7,10,,,5,241,9,,35,,35,,5,22,,,,,3,6,,19,7,5,,5,,,,19,941,,,3,,,12,24,,4,27,,,,4,,,,,4,,,154,,,26,6,44,,4,68,,,,11,24,3,5,4,159,,8,,,,32,,3,3,,,,,,9,,3,4,13,5,30,,5,25,,202,3,6,,,36,,3,5,,,39,,,24,,,,71,19,344,,,3,115,5,,15,,3,,28,5,,18,21,18,
31-03-2020,,,,31,30,,,4,,,4,,,,,71,,8,,3,,4,,62,8,11,5,,,9,,,12,,,,70,,,,39,,37,,,,7,,,,220,48,,,,,5,3,,11,3,,9,133,,,,,,,,,,,10,3,157,19,,7,,,,,6,,,25,10,20,,7,26,45,,,3,,,,,,18,,,,298,,3,3,81,3,6,,,3,,,,5,6,505,23,84,,52,5,7,,3,34,293,,,17,7,,273,,3,4,,,3,,11,,,22,,,,,,12,14,5,,,,,6,,,,,4,,,,66,70,,3,59,6,9,,,5,159,11,,42,,40,,5,31,,,,,,3,,21,,5,,,,,,21,462,,,,,,14,15,,3,35,,,,4,,,,,4,,,148,,,27,6,43,,,71,,,,10,25,,6,3,167,,7,,,,25,,3,3,,,,3,,3,,,,13,,31,,5,22,,210,3,5,,,33,,3,5,,,34,,,22,,,,93,,338,,3,3,121,9,,25,,3,,19,8,,14,15,14,
01-04-2020,,,,32,31,,3,5,,,5,,,,,79,,8,,3,,5,,68,9,13,5,,,11,,,14,,,,87,,,4,55,,38,,,,10,,,,245,49,,,,,5,3,,15,3,,,134,,,,,4,,,,3,,11,4,164,20,,7,,,,,7,,,26,10,26,,8,28,50,,,3,,,,,,20,,,,337,,3,3,89,3,6,,,3,,,,6,18,546,25,101,,52,6,7,,4,35,328,,,20,8,,303,,5,5,,,5,,11,,,29,,,,,,13,19,5,,3,,,7,,,,,7,,,,72,78,,5,67,6,10,,,9,194,11,,44,,47,,5,32,,,,,3,5,,36,,5,,,,,,22,505,,,4,,,17,21,,5,36,,,,4,,,,,4,,,162,,,28,6,48,,,79,,,,10,31,,6,3,192,,8,,,,28,,3,3,,,,3,,3,,,,13,3,35,,5,23,3,233,3,5,,,34,,4,5,,,39,,,26,,,,99,,387,,3,3,124,9,,30,,4,,21,11,,19,15,18,
02-04-2020,,,,34,34,,3,5,,,7,,,,,86,,8,,3,,5,,79,11,17,5,,,12,,,14,,,,127,,,4,65,,49,,,,12,,,,280,52,,,,,5,3,,18,3,,9,149,,,,,5,,,,3,,11,4,178,24,,7,,,,,7,,,27,11,31,,8,32,56,,,4,,,,,,20,,,,373,,3,3,99,3,6,,,3,,,,8,19,594,25,109,,55,7,8,,4,37,361,,,21,9,,347,,5,5,,,6,,11,,,29,,,,,,13,21,5,,3,,,7,,,,,7,,,,83,93,,5,71,7,10,,,9,209,11,,46,3,48,,6,37,,,,,4,9,,36,,5,,,,,,21,556,,,4,,,17,23,,5,37,,,,4,,,3,,4,,,174,,,29,6,54,,,85,,3,,9,33,,7,4,224,,8,,,,30,,4,3,,,,3,,4,,,,15,,42,,6,23,3,275,3,5,,,34,,6,5,,,39,,,30,,,,107,,418,,3,3,124,11,,36,,4,,22,11,,20,15,23,
03-04-2020,,,,52,38,,3,5,,,8,,,,,91,,8,,3,,17,,82,12,17,7,,,12,,,14,,,,130,,,5,70,,53,4,3,,13,,,,305,53,,,,,5,4,,19,3,3,9,174,,,3,,5,,,,3,,11,4,201,28,,7,,,,,7,,,28,11,33,,9,34,66,,,7,,3,,,,20,,,,424,3,3,4,105,4,6,,,3,,,,8,21,634,26,117,,60,7,8,,4,37,390,,,24,9,,368,,7,7,,,6,,11,,,29,,,,,,14,22,5,,3,,,7,,,,,8,,,,86,100,,7,75,7,10,,,10,220,11,,56,3,64,,7,39,,,,,5,9,,36,,5,,,,,,23,606,,,4,,,17,27,,7,37,,,,4,,,3,,4,,,187,,,29,6,58,,,92,,3,,10,34,,7,3,242,,8,,,,31,,4,3,,,,3,,4,,,3,16,,45,,7,25,3,308,3,5,,,38,,6,7,,,40,,,34,,,,110,,449,,3,3,124,11,,41,,4,5,24,11,,22,15,25,
04-04-2020,,,,53,39,,5,7,,,9,,,,,111,,8,,3,,22,,91,15,17,10,,3,19,,,15,,,,140,,,5,83,,54,4,3,,22,3,,,333,52,4,,,,4,6,,22,3,,10,187,,,3,,6,,,,4,,13,3,216,29,,9,,,,,7,,,28,14,34,,10,36,72,,,9,,,,,,20,,,,447,,3,4,120,4,6,,,,,,,8,22,654,26,126,,64,7,8,,4,39,404,,,26,9,,386,,7,7,,,6,,12,,,30,,,,,,14,22,6,,,,,6,,,,,9,,,,93,116,,7,82,7,11,,,14,222,11,,66,3,69,,7,42,,,,,5,9,,35,,6,,5,,,,22,643,,,4,,,21,30,,7,42,,,,9,,,4,,4,,,212,,,38,6,64,,,96,,3,,12,36,4,10,4,254,,8,,,,32,,6,3,,,,6,,4,,,4,19,,43,,7,31,3,320,3,5,,,39,,8,7,,,47,,,35,,,,121,,468,,3,3,127,,,41,,4,5,29,12,,24,15,45,
05-04-2020,,,,54,40,,5,7,,,9,,,,,121,,8,,3,,22,,99,21,18,11,,3,21,,,15,,,,141,,,7,90,,54,4,3,,23,3,,,349,64,5,,,,4,7,,22,3,,12,190,,,4,,8,,,,6,,16,3,216,29,,9,,,,,7,,,31,14,36,,12,37,91,,,9,,,,,,20,,,,478,,3,4,127,4,6,,,3,3,,,9,22,681,33,131,,81,7,10,,4,42,422,,,27,10,,395,,8,7,,,6,,14,,3,31,,,,,,14,23,6,,,,,6,,,,,9,,,,95,120,,7,84,7,11,,,15,238,11,,91,3,84,,7,49,,,,,5,9,,35,,6,,6,,,,23,660,,,5,,,21,30,,8,45,,,,9,,,4,,4,,,216,,,38,6,73,,,101,,4,,13,37,5,10,4,269,,8,,,,32,,6,3,,,,11,3,5,,12,4,21,,48,,8,33,4,344,3,5,,,49,,9,7,,,47,,3,36,,,,143,,499,,3,3,129,15,,43,,6,9,33,15,,24,15,54,
06-04-2020,,,,54,44,,6,8,,,9,,,,,125,,8,,4,,22,,107,21,18,11,,3,21,,,16,,,,142,,,7,93,,54,4,3,,23,3,,,358,65,5,3,,,4,7,,22,3,,14,197,,,5,,8,,,,6,,16,3,222,29,,10,,,,,7,,,37,14,36,,12,39,94,,,9,,3,,,,21,,,,489,,3,5,131,4,6,,,3,3,,,9,22,699,39,130,,87,7,10,,4,42,444,,,28,10,,400,,8,8,,,6,,14,,3,32,,,,,,14,24,6,,,,,6,,,,,9,,,,95,125,,9,86,7,11,3,,15,224,11,,96,5,92,,7,53,,,,,6,9,,35,,6,,7,,,,24,689,,,5,,,21,30,,8,45,,,,8,,,4,,4,,,224,,,38,7,82,,,102,,4,,12,37,5,11,3,278,,8,,,,35,,6,3,,,,24,3,5,,12,4,22,,56,,8,36,4,364,3,5,,,68,,9,7,,,47,,3,36,,,,145,,518,,3,3,129,15,,44,,7,9,33,15,,25,15,54,
07-04-2020,,,,54,46,,7,7,,,10,,,,,130,,8,,6,,22,,108,27,19,12,,4,26,,,17,,,,151,,,7,103,,56,4,3,,24,4,,,407,71,5,3,,,4,8,,22,4,3,15,203,,,5,,8,,,,7,,16,4,233,36,,10,,,,,7,,,37,16,37,,13,39,108,,,9,,3,,,,21,,,,528,,3,3,147,4,6,,,3,3,,,10,25,754,41,134,4,92,7,13,,4,45,465,,,30,11,,416,,10,9,,,7,,14,,3,35,,,,,,14,26,7,,,,,6,,,,,9,,,,99,142,,9,92,7,13,,,19,247,11,,110,6,112,,8,56,,,,,7,9,,34,,6,,12,,,,25,730,,,5,,,23,33,,8,52,,,,8,,,5,,4,,,231,,,42,7,93,,,109,,6,,13,40,5,11,4,299,,8,,,,35,,6,3,,,,24,4,6,,18,7,26,,57,,9,39,4,387,4,5,,,75,,9,7,,,49,,5,42,,,,150,7,551,,3,3,132,15,,48,,7,9,36,17,,26,15,86,
08-04-2020,3,,,54,45,3,7,7,,,10,,,,,134,,8,,6,,22,,113,27,19,13,,4,26,,,17,,,,152,,,7,107,,57,4,5,,25,4,,,423,71,5,3,,,4,8,,24,4,4,16,218,,,5,,18,,,,7,,16,4,237,36,,11,,3,,,7,,,37,16,39,,13,39,111,,,10,,3,,,,21,,,,556,,3,3,149,5,6,,,3,3,,,10,25,773,41,138,5,93,7,13,,4,46,485,,,30,11,,425,,10,12,,,7,,15,,3,38,,,,,,14,26,9,,,,,6,,,,,10,,,,100,146,,9,94,8,13,,,19,273,11,,113,6,113,,8,56,,,,,7,9,,34,,6,,12,,,,25,750,,,5,,,23,34,,8,52,,,,8,,,5,,4,,,233,,,42,8,94,,,113,,6,,13,43,5,10,4,310,,8,,,,36,,6,3,,,,24,4,7,,18,7,28,4,59,,9,40,5,397,4,5,,,79,,11,7,,,50,,5,44,,,,154,7,576,,3,3,132,15,,49,,7,9,37,17,,26,17,86,
09-04-2020,3,,,52,50,3,7,7,,,11,,,,,138,5,9,,6,,22,,129,30,21,12,,4,32,3,,23,,,,153,,,7,122,,56,4,5,,25,3,,,521,76,4,3,4,,4,8,,26,5,6,18,226,,,5,,59,,,6,8,,15,5,258,38,,16,,5,,,7,,,39,21,39,,16,42,118,,,12,3,4,,,,21,,,,587,11,3,14,161,5,6,,,3,3,,,10,29,797,41,158,5,98,7,16,,5,49,512,11,,39,11,,444,,10,14,,,8,3,13,,5,40,,,,,,14,27,11,,,,,6,,,,,12,,,,112,152,,9,99,8,14,3,,21,275,14,,126,6,130,,8,72,,,,,7,10,8,31,,6,3,16,,,,29,776,3,,5,,,25,33,,8,53,,,,8,3,,5,,4,,,246,,,46,8,107,,5,116,,6,,16,44,5,15,4,334,,10,,5,,36,,7,3,,,,25,6,8,7,19,7,28,10,66,3,9,44,6,429,5,6,,,82,,13,8,,,55,,5,48,,,3,168,69,631,,3,3,131,13,,57,,7,10,55,19,,30,21,83,
10-04-2020,4,,,52,54,3,7,9,,5,14,,,,,140,6,9,,6,,22,,147,32,24,13,,4,34,3,,23,,,,158,,,6,126,,74,4,5,,26,3,,,546,75,6,3,4,,4,9,,28,5,6,18,238,,,7,,64,,,6,8,,19,6,266,38,,16,,5,,,7,3,,39,26,42,,23,44,126,,,13,3,4,,,,26,,,,629,12,4,14,174,5,6,,,3,3,,,10,32,851,42,179,5,98,7,17,,5,53,543,12,,42,10,,619,,11,14,,,8,4,15,,7,51,,,,,,14,37,11,,,,,6,,,,,13,,,,124,161,,10,106,8,15,4,,25,379,14,,132,6,136,,9,78,,,,,7,11,9,31,,5,3,17,,3,,30,840,3,,5,,,25,47,,8,53,,,,8,3,,5,,6,,,254,,,46,8,114,,5,125,,17,,17,52,5,16,4,358,,11,,5,,41,,7,3,,,,25,6,8,8,19,9,29,10,72,4,11,48,6,455,5,6,,,87,,13,8,,,68,,5,55,,3,3,180,70,710,,3,3,134,13,,57,,7,10,62,20,,31,21,84,
11-04-2020,4,,,52,52,3,7,9,,5,15,,,,,142,6,10,,5,,22,,153,35,25,13,,4,39,3,,25,,,,160,,,6,133,,74,4,6,,26,,,,579,82,7,3,6,,4,9,,28,5,7,18,251,,,7,,81,,,7,8,,19,6,265,40,,16,,5,,,7,4,,42,26,44,,28,42,145,,,12,3,4,,,,26,,,,646,12,4,15,189,5,6,,,3,3,,,13,36,867,41,191,5,107,7,17,,5,52,565,34,,43,10,,643,,11,14,,,8,4,17,,8,51,,,,,,14,38,11,,,22,,6,,,,,13,,,,131,163,,11,114,8,15,4,,25,403,14,,141,6,146,,9,84,,,,,6,13,9,31,,5,4,19,,,,29,852,3,,5,,,27,56,,8,53,,,,8,3,,5,3,6,,,265,,,45,11,128,,5,127,,17,,17,52,7,15,4,374,,12,,5,,44,,8,3,,,,26,6,9,7,21,9,29,11,75,4,13,52,6,464,5,6,,,95,,13,8,,,77,,5,60,,3,4,193,70,758,,3,3,134,13,,62,,8,10,65,21,,32,21,87,3
12-04-2020,4,,,52,52,3,7,9,,5,15,,,,,144,6,10,,6,,23,,155,38,26,13,,4,42,3,,26,,,,164,,,6,137,,74,4,6,,27,,,,621,84,8,3,7,,4,9,,28,5,7,18,261,,,7,,91,,,7,9,,19,7,269,41,,16,,5,,,7,4,,42,27,44,,29,50,159,,,12,3,4,,,,26,,,,681,12,4,16,201,5,6,,,3,3,,,13,38,890,42,196,5,115,7,18,,5,53,588,35,,45,12,,682,,12,14,,,8,4,17,,8,51,,,,,,14,40,11,,,22,,6,,,,,13,,,,136,167,,11,117,8,15,5,,26,409,14,,150,6,158,,9,91,,,,,7,15,9,31,,5,4,19,,,,29,885,4,,5,,,28,60,,8,53,,,,8,3,,5,4,6,,,269,,,47,11,139,,5,129,,17,,17,53,7,15,4,394,,12,,5,,44,,8,3,,,,27,7,9,8,22,9,29,12,79,4,13,55,6,479,5,6,,,104,,14,8,,,86,,5,61,,3,4,211,70,796,,3,3,137,13,,70,,8,10,68,23,,32,21,88,3
13-04-2020,4,,,52,55,3,7,9,,5,15,,,,,148,6,10,,6,,23,,159,39,28,15,,4,42,4,,26,,,,165,,,6,141,,75,4,6,,27,3,,,647,85,8,3,7,,5,9,,27,5,7,18,264,,,7,,91,,,7,9,,19,7,275,41,,16,,5,,,7,4,,45,28,46,,30,52,163,,,13,3,4,,,,26,,,,701,13,6,16,214,6,6,,,3,3,,,15,38,905,42,201,4,124,8,18,,5,55,600,50,,45,12,,715,,13,14,,,8,4,17,,8,52,,,,,,14,40,20,,,22,,6,,,,,13,,,,141,168,,12,118,8,15,6,,26,416,15,,165,6,163,,9,98,,,,,7,15,9,32,,5,4,19,,,,30,921,4,,5,,,29,62,,8,53,,,,9,4,,5,4,6,,,279,,,47,11,149,,5,129,,17,,17,55,7,19,4,397,,12,,5,,45,,8,3,,,,29,7,9,8,22,9,26,12,84,15,13,60,6,491,5,6,,,104,,15,8,,,130,,5,62,,3,4,225,68,842,,3,3,138,14,,87,,8,10,69,26,,32,21,88,3
14-04-2020,4,,,54,55,3,8,10,,5,15,,,,,148,6,11,,6,,23,,165,41,28,18,,4,44,4,,28,,,,170,,3,6,141,,76,4,8,,29,3,,,647,86,10,3,7,,5,10,,31,5,7,19,269,,,8,,91,,,7,9,3,20,8,293,43,,18,,5,,,7,4,,45,28,48,,30,52,168,,,14,3,4,,,,27,,,,718,13,7,16,219,8,6,,,3,3,,,16,43,946,43,212,4,124,8,18,,5,57,645,50,,45,12,,768,,13,15,,,8,4,17,,8,53,,,,,,14,40,20,,,27,,6,,,,,13,,,,142,180,,12,118,8,16,6,,26,435,15,,166,6,167,3,9,100,,,,,7,15,15,33,,5,4,21,,3,,32,959,4,,5,,,29,69,,8,53,,,,11,4,,5,4,6,,,279,,,50,11,160,,5,129,,17,,17,56,7,20,4,404,,13,,5,,48,,8,3,,,,30,7,9,8,22,9,28,12,86,16,13,63,6,507,5,6,,,110,,15,8,,,137,,5,67,,3,4,228,68,884,,3,3,139,14,,90,,8,10,69,26,,34,21,88,3
15-04-2020,4,,,56,59,4,8,10,,5,16,3,,,,145,6,13,3,6,,23,,175,47,30,18,,4,44,4,,27,,,,203,,4,7,138,,76,4,9,,29,3,,,692,87,11,4,7,,4,11,,34,5,7,20,273,,,8,,99,3,,7,9,3,20,8,302,45,,21,,5,,,8,4,,45,26,48,,29,53,186,,,14,3,4,,,,27,,,,738,14,7,16,236,8,6,,,3,3,,,25,44,962,48,221,4,128,8,19,,5,59,672,50,,47,12,,798,,14,23,,,9,4,17,,7,54,,,,,,14,39,27,,,27,,6,3,,,,12,,,,146,180,,12,130,8,16,7,,26,455,16,,174,6,178,3,10,104,,,,,7,24,20,31,3,5,4,22,,3,,32,980,4,,5,,,25,71,,8,54,,,,11,4,,5,4,6,,,292,,,53,11,173,,5,129,,18,,16,59,21,21,4,421,,13,,5,,51,,7,3,,,,30,6,10,8,23,10,32,15,91,20,13,66,6,529,5,6,,,120,,19,7,,,174,,5,71,,3,4,235,72,923,,3,3,143,14,,92,,8,10,61,25,,35,21,89,3
16-04-2020,5,,,56,62,6,9,11,,5,16,3,,,,149,6,13,3,6,,23,,205,50,33,19,,5,45,6,,26,,,,227,,4,8,156,,80,4,9,,27,3,,,775,88,10,4,7,,5,11,,38,5,7,20,275,,3,8,,99,3,,7,11,4,20,8,325,49,,22,,5,,,8,4,,51,31,48,,35,54,198,,,17,3,4,,,,27,,,,777,14,7,17,262,8,6,,,3,3,,,25,47,996,52,231,4,139,8,19,,5,59,686,50,,51,13,,824,,15,31,,,11,4,17,,9,56,,,,,,15,40,31,,3,28,,7,4,,,,13,,,,152,182,,13,143,6,16,7,,26,487,18,,184,6,177,3,10,110,,,,,7,44,21,31,3,5,4,22,,3,,32,988,4,,5,,,31,77,,8,57,,,,12,4,,5,5,6,,,306,3,,53,12,199,,5,134,,18,,19,60,28,21,4,437,,17,,5,,52,,8,3,,,,30,8,10,8,23,10,32,16,97,22,15,71,7,552,5,6,,,125,,24,7,,,182,,5,72,,3,6,246,72,956,,3,3,144,14,,106,,8,10,67,32,3,38,20,90,3
17-04-2020,7,,,57,63,6,10,12,,5,16,3,,,,152,6,13,3,6,,23,,220,50,33,20,,5,47,6,,26,,,,232,,4,8,156,,81,4,9,,27,3,,,798,89,10,4,8,,4,12,,38,5,10,20,280,,3,8,,100,3,,8,12,4,21,8,345,53,,22,,5,,,8,4,,52,31,48,,35,58,201,,,17,3,4,,,,27,,,,797,16,7,18,277,8,6,,,4,3,,,27,51,1020,52,240,4,139,8,19,,5,64,714,51,3,52,14,,845,,15,32,,,11,4,17,,10,58,,,,,,15,40,54,,3,28,,7,4,,,,13,,,,154,186,,13,145,6,16,8,,27,498,19,,186,6,183,3,11,110,,,,3,8,45,21,37,3,5,4,22,,3,,32,1017,6,,5,,,32,79,,8,57,,,,12,4,,5,6,6,,,311,3,,54,13,215,,7,139,,18,3,19,60,28,21,4,463,,18,,5,,52,,8,3,,,,35,8,10,9,23,10,32,16,101,22,15,72,7,562,5,6,,,126,,24,7,,,186,,5,75,,3,6,250,76,972,,3,3,145,14,,107,,8,10,71,34,4,40,20,90,3
18-04-2020,7,,,57,64,6,11,13,,5,16,4,,,,155,6,14,3,6,,25,,220,55,33,20,,5,49,6,,26,,,4,235,,5,8,162,,81,4,9,,27,3,,,831,91,11,4,10,,4,12,,40,5,10,21,286,,3,8,,100,3,,8,13,5,21,7,350,60,,23,,5,,,9,4,,53,32,55,,57,55,219,,,18,3,4,,,,26,,,,820,17,7,18,388,9,6,,,4,3,,,28,53,1033,52,251,5,139,8,19,,5,65,744,53,3,52,14,,860,,15,31,,3,11,4,16,,10,60,,,,,,15,40,54,,3,28,,7,4,,,,13,,,,158,191,,13,149,6,16,10,,28,504,19,,192,6,194,3,12,112,,,,3,8,47,24,38,7,5,4,22,,4,,32,1040,6,,5,,,33,80,,7,59,,,,12,4,,7,7,6,,,323,3,,59,13,232,,8,143,,18,3,20,62,28,21,4,480,,18,,7,,52,,8,3,,,,33,8,10,10,23,11,32,17,105,22,15,85,7,580,5,6,,,127,,24,7,,,191,,5,91,,3,6,259,84,1005,,3,3,147,14,,117,,8,18,72,52,4,41,20,91,3
19-04-2020,7,,,57,63,6,12,13,,5,15,4,,,,161,6,13,3,6,,25,,225,60,34,20,,5,51,6,,27,,,4,236,,5,8,174,,80,4,9,,28,3,,,848,94,12,4,10,,4,13,,43,5,11,22,285,,4,8,,101,3,,8,13,6,21,8,355,60,,24,,5,,,18,4,,56,34,56,,61,56,234,,,18,3,4,,,,26,,,,834,17,7,18,398,9,6,,,4,3,,,29,54,1038,53,257,5,144,8,19,,5,65,744,60,3,55,14,,875,,13,32,,3,12,6,16,,11,60,,,,,,15,41,54,,4,28,,7,4,,,,14,,,,163,196,,14,149,7,18,10,,29,511,19,,203,7,203,3,13,119,,,,3,9,47,23,39,7,5,5,22,,6,,33,1059,6,,5,,,33,87,,7,59,,,,12,4,,7,8,6,,,338,3,,60,13,246,,8,138,,18,4,20,61,28,21,4,493,,18,,7,,52,,8,3,,,,33,8,10,13,23,10,30,17,105,24,15,91,7,585,5,6,,,128,,26,7,,,197,,5,99,,3,6,270,82,1035,,3,3,147,14,,127,,8,23,74,53,5,42,17,91,3
20-04-2020,7,,,57,64,6,12,13,,5,15,4,,,,164,6,13,3,6,,26,,227,60,35,20,,5,51,6,,30,,,4,237,,5,8,174,,81,4,9,,28,3,,,856,94,12,4,10,,4,13,,43,5,11,22,286,,4,8,,101,3,,8,13,6,21,8,360,60,,24,,6,,,34,7,,56,34,56,,61,56,235,,,18,3,4,,,,26,,,,837,17,7,18,401,9,6,,,4,3,,,29,54,1060,53,260,5,144,8,19,,5,65,744,61,3,56,14,,876,,13,32,,3,12,6,16,,11,61,,,,,,15,41,58,,4,28,,8,4,,,,14,,,,163,197,,14,150,7,18,10,,29,511,19,,220,7,204,3,13,120,,,,3,9,48,23,39,7,5,5,22,,6,,33,1068,6,,7,,,33,88,,7,61,,3,,12,4,,7,8,6,,,340,3,,60,13,249,,8,139,,18,4,20,61,28,21,4,502,,18,,7,,52,,8,3,,,,34,8,10,13,23,10,30,17,108,24,15,92,7,592,5,6,,,128,,26,7,,,197,,5,99,,3,6,272,82,1060,,4,3,147,14,,127,,8,23,75,53,5,42,17,91,3
21-04-2020,7,,,58,71,5,20,13,,5,16,4,,,,160,6,13,3,6,,26,,241,64,38,23,,5,48,6,,30,,,5,236,,7,7,179,,84,4,9,,27,3,,,902,98,10,5,11,,6,14,,39,5,12,21,289,,5,11,,99,3,,9,13,7,23,9,360,57,,29,,6,,3,35,6,,60,36,52,,63,54,252,,,17,3,4,,,,30,,,,853,15,7,19,419,9,6,,,5,4,,,32,58,1145,60,292,4,148,8,19,,5,61,742,59,3,56,14,,884,,13,31,,3,12,7,16,,11,61,,,,,,16,39,62,,4,29,,8,9,,,,14,,,,174,218,,13,147,7,17,11,,29,516,19,,235,7,205,3,13,126,,,,3,10,52,21,38,4,5,5,23,,6,3,33,1071,6,,5,,,32,90,,7,59,,3,,14,3,,6,8,6,,,339,3,,62,13,257,,8,137,,18,4,20,59,28,21,,506,,18,,7,,53,,7,3,,,,32,8,9,13,20,11,28,17,109,32,16,83,7,598,5,6,,,131,,25,7,,,202,,5,139,,3,6,288,79,1066,,4,3,144,14,,131,,7,24,79,60,5,40,19,90,3
22-04-2020,7,,,58,72,5,20,13,,5,16,4,,,,160,6,13,3,6,,26,,241,64,39,23,,5,48,6,,30,,,5,240,,7,7,180,,84,4,9,,27,3,,,903,98,10,5,11,,5,14,,39,5,12,21,289,,5,10,,99,3,,9,13,7,23,9,363,57,,29,,6,,3,35,6,,60,36,52,,63,55,252,,,17,3,4,,,,30,,,,854,16,7,18,419,9,6,,,5,4,,,32,59,1169,60,292,4,148,8,19,,5,61,742,59,3,56,14,,885,,13,31,,3,12,7,16,,11,61,,,,,,16,39,62,,4,29,,8,9,,,,14,,,,174,218,,13,147,7,17,11,,28,516,19,,236,7,205,3,13,125,,,,3,10,52,21,38,4,5,5,23,,6,3,33,1102,6,,5,,,32,90,,7,60,,3,,14,3,,6,8,6,,,339,3,,62,13,257,,8,137,,18,4,19,62,28,21,,507,,18,,7,,53,,7,3,,,,32,8,9,13,20,11,28,17,109,32,16,83,7,597,5,6,,,134,,24,7,,,202,,5,139,,3,6,288,79,1066,,4,3,145,14,,132,,7,24,78,60,6,40,23,90,3
23-04-2020,7,,,61,68,5,24,14,,5,16,4,,,,166,6,13,3,9,,26,,251,74,41,27,,5,50,7,,30,,,5,243,,7,9,190,,86,4,9,,27,3,,,950,99,10,5,15,,5,14,,43,5,12,22,298,,5,9,,100,3,,9,16,8,23,8,367,61,,33,,7,,3,34,8,,63,38,52,,71,56,275,,,17,3,4,,,,30,,,,894,15,7,20,458,9,6,,,7,4,,,33,61,1266,60,301,5,162,12,19,,5,63,763,62,3,59,14,,929,,14,32,,4,13,7,17,,11,61,3,,,3,4,16,40,66,,4,29,,8,10,,,,14,,,,187,218,,15,149,8,17,12,,29,532,18,,250,7,219,3,13,134,,,,3,10,52,22,38,4,5,5,24,,6,3,33,1099,6,,5,,,35,95,,6,61,,3,,14,4,,6,9,6,,,356,,,65,13,280,,8,147,,18,4,19,59,29,21,,514,,19,,7,,55,,8,3,,,,32,9,10,12,21,11,28,17,114,34,17,85,7,655,5,6,7,,132,,24,7,,,212,,5,147,,3,6,305,79,1161,,4,3,145,14,,135,,7,24,81,68,6,42,19,95,3
24-04-2020,7,,,61,68,5,24,14,,5,16,4,,,,167,6,13,3,9,,26,,253,74,43,28,,5,50,7,,30,,,5,243,,7,9,191,,86,4,9,,27,3,,,950,99,10,5,15,,5,14,,43,6,12,22,298,,5,10,,100,3,,9,16,8,23,9,368,61,,33,,7,,3,34,8,,63,40,52,,72,58,275,,,17,3,4,,,,30,,,,894,15,7,20,460,9,6,,,7,4,,,33,63,1271,60,303,5,162,12,19,,5,63,763,63,3,59,14,,934,,14,32,,4,13,7,17,,11,61,3,,,3,4,16,40,66,,5,29,,8,10,,,,14,,5,3,193,218,,15,149,8,17,12,,29,534,18,,251,7,220,3,14,134,,,,3,10,52,22,39,4,5,5,24,,6,3,33,1103,6,,5,,,35,95,,6,61,,3,,14,4,,6,9,6,,,356,,,65,13,282,,8,148,,18,4,19,59,29,21,,515,,19,,7,,55,,8,3,,,,32,9,10,13,21,11,28,17,115,34,17,85,7,655,5,6,7,,132,,24,7,,,212,,5,147,,3,6,305,79,1163,,4,3,145,14,,135,,7,24,81,69,6,42,19,95,
25-04-2020,7,,,62,68,5,25,14,,5,16,4,,,,210,6,13,3,9,,26,,261,79,44,31,,5,50,7,,30,,,5,250,,7,10,197,,87,4,9,,27,3,,,974,99,11,5,14,,4,14,,43,6,12,22,302,,5,10,,99,3,,9,16,8,23,9,371,60,,33,,7,,3,34,7,,66,40,52,,72,58,286,,,19,3,4,,,,30,,,,897,15,7,20,486,9,6,,,7,4,,,33,64,1346,60,304,5,167,12,19,,5,63,769,63,3,58,15,,945,,14,32,,4,12,7,17,,11,62,3,,,3,5,16,40,66,,5,29,,8,10,,,,14,,5,3,195,218,,15,149,8,17,12,,30,536,18,,251,7,222,3,14,135,,,,3,10,52,22,39,4,5,5,24,,6,3,33,1118,6,,5,,,39,95,,6,62,,3,,14,6,,6,9,6,,,358,,,67,14,284,,8,152,,18,4,19,59,29,21,,523,,19,,7,,55,,8,3,,,,32,9,10,13,20,11,31,17,115,34,17,85,7,660,5,6,7,,133,,25,7,,,212,,5,150,,3,6,313,79,1180,,4,3,145,14,,140,,7,24,81,72,6,41,19,95,
26-04-2020,8,,,72,68,7,27,14,,4,17,4,3,,,231,6,14,3,9,,28,,272,81,45,36,,5,59,8,,31,,,5,278,,7,13,202,,89,4,9,,29,4,,,1019,101,15,5,17,,4,14,,50,7,12,23,320,,5,10,,103,3,,9,18,9,25,9,401,68,,36,,7,,3,34,7,3,69,40,59,,79,60,308,,,23,3,4,,,,30,,,,966,19,7,20,507,10,6,,,9,4,,,33,64,1406,61,315,5,174,13,20,,5,67,825,70,3,63,16,,1017,,16,36,,4,13,7,18,3,11,61,,,,3,5,16,44,68,,8,34,,9,12,,,,14,,8,3,208,218,,15,163,8,21,10,,29,564,16,,258,7,233,3,16,142,,,,3,10,52,23,49,5,5,7,24,,6,3,35,1209,8,,5,,,42,116,,5,66,,3,,13,7,,8,9,6,,,387,,,73,14,305,,9,160,,18,4,20,59,31,21,,552,,21,,7,,57,,8,3,,,,30,9,11,13,22,11,31,17,129,33,18,102,7,700,6,6,7,,144,,28,7,,,234,,5,155,,3,6,339,80,1263,,4,3,151,17,,144,,8,26,83,75,6,44,19,108,
27-04-2020,8,,,72,69,7,27,14,,4,17,4,3,,,231,6,14,3,9,,27,,272,81,45,36,,5,59,8,,31,,,5,278,,7,13,202,,89,4,9,,29,4,,,1019,101,15,5,19,,3,14,,50,7,12,23,320,,5,10,,104,3,,9,19,9,25,10,401,68,,36,,7,,3,34,8,3,69,40,60,,79,60,308,,,23,3,4,,,,30,,,,966,19,7,20,507,10,6,,,9,4,,,33,64,1413,61,315,5,174,13,20,,5,67,825,70,3,63,16,,1017,,16,36,,4,13,7,18,3,11,61,,,,3,5,16,44,68,,8,34,,9,12,,,,14,,8,3,208,218,,15,163,8,21,10,,29,564,16,,274,7,238,3,16,143,,,,3,10,52,23,49,5,5,7,24,,6,3,35,1209,8,,5,,,44,116,,5,67,,3,,13,7,,8,9,6,,,387,,,73,14,305,,9,162,,18,4,20,59,31,21,,562,,21,,7,,57,,8,3,,,,30,9,11,13,22,11,31,17,129,33,18,102,7,700,6,6,7,,144,,28,7,,,235,,5,155,,3,6,339,80,1263,,4,3,151,17,,145,,8,26,83,75,6,44,19,108,
28-04-2020,8,,,72,69,7,27,14,,4,18,4,3,,,231,6,14,3,9,,27,,273,81,45,36,,5,61,8,,31,,,5,278,,7,13,202,,89,4,9,,29,4,,,1019,101,15,5,19,,3,14,,50,7,12,23,320,,5,10,,104,3,,9,19,9,25,10,401,68,,36,,7,,3,34,8,4,69,40,60,,84,60,308,,,23,3,4,,,,30,3,,,966,19,7,20,507,10,6,,,9,4,,,33,64,1413,61,315,5,174,13,20,,5,67,825,70,3,63,16,,1017,,16,38,,4,13,7,18,3,11,61,,,,3,5,16,44,68,,8,39,,9,12,,,,14,,8,3,208,218,,15,163,8,21,10,,29,564,16,,274,7,238,3,16,143,,,,3,10,52,23,49,5,5,7,24,,6,3,35,1209,8,,5,,,44,116,,5,67,,3,,13,7,,8,9,6,,,387,,,73,14,308,,10,163,,18,4,20,59,31,21,,568,,21,,7,,57,,8,3,,,,30,9,11,13,22,11,31,17,129,33,18,102,7,700,6,6,7,,144,,28,7,,,235,,5,160,,3,6,339,80,1263,,4,3,151,17,,145,,8,26,83,78,7,44,19,108,
29-04-2020,8,,,82,70,7,27,14,,4,18,4,4,,,227,6,14,3,8,,24,,289,80,42,36,,4,60,8,,34,,,5,273,,10,12,200,,90,4,10,,28,4,,,1012,105,15,5,18,3,6,14,,50,5,12,27,325,,5,12,,102,3,,9,16,9,24,10,406,63,,36,,7,,3,34,4,6,71,36,63,,87,62,319,,,26,3,4,,,,29,3,,,966,17,7,20,543,10,6,,,10,3,,,32,69,1447,61,369,5,188,13,20,,5,68,835,70,3,61,16,,1068,,17,46,,4,14,7,17,3,10,65,,,,3,7,15,46,89,,8,46,,9,17,,,,14,,11,4,221,215,,13,160,9,23,10,,28,556,18,,287,7,247,3,16,139,,,,3,10,51,22,50,7,6,5,22,,5,3,34,1185,8,,5,,,46,117,,5,58,,3,,15,7,,8,9,5,,,380,,,73,14,323,,13,165,4,18,4,19,59,32,22,,577,,21,,7,,62,,8,3,,,,30,7,11,12,22,11,29,15,135,31,18,131,7,699,6,5,6,,153,,26,7,,,241,,5,172,,3,7,332,72,1322,,4,3,145,12,,139,,8,25,80,85,7,44,19,99,
30-04-2020,8,,,82,70,7,27,14,,4,18,5,4,,,229,6,14,8,8,,24,,295,82,43,37,,5,66,8,,34,,,5,273,,10,14,209,,92,4,10,,28,3,,,1063,108,17,5,19,,6,15,,51,5,12,27,332,,5,14,,102,3,,9,18,9,25,10,408,64,,36,,7,,3,34,5,6,74,37,64,,92,62,338,,,27,3,4,,,,30,3,,,1000,17,7,20,583,10,6,,,10,3,,,33,70,1465,61,386,5,206,13,21,,5,70,862,71,3,65,16,,1127,,17,50,,4,14,7,17,3,12,68,,,,,7,15,46,92,,7,54,,9,17,,,,15,,,4,221,215,,13,170,9,24,10,,28,557,18,,294,7,261,3,16,140,,,,3,10,51,22,52,8,6,6,23,3,5,6,35,1217,8,,5,,,50,124,,5,62,,3,,15,7,,8,9,5,,,396,,,74,14,344,,13,165,4,18,4,19,60,32,22,,586,,21,,7,,62,,6,3,,,,30,8,11,12,23,11,29,15,137,31,19,135,7,724,6,5,6,,158,,28,7,,,245,,5,174,,3,7,345,72,1374,,4,3,147,12,,156,,8,26,80,93,8,44,19,99,
01-05-2020,8,,,82,68,7,27,14,,4,19,5,4,,,239,6,14,8,8,,24,,301,82,43,37,,6,66,8,,34,,,5,275,,11,14,211,,93,4,10,,28,3,,,1079,109,17,5,19,,5,15,,51,5,12,30,338,,5,14,,102,3,,9,18,9,25,13,416,64,,36,,7,,3,34,5,6,76,37,64,,96,66,341,,,27,3,4,,,,30,3,,,1010,18,8,20,609,10,6,,,10,3,,,33,72,1496,61,393,5,210,13,21,,5,71,869,71,3,65,16,,1142,,17,53,,4,15,7,17,3,12,69,,,,,7,15,47,98,,7,54,,9,18,,,,15,,12,4,232,215,,13,172,9,24,10,,28,565,18,,294,7,265,3,16,142,,,,3,10,51,22,52,8,6,6,23,3,5,6,35,1234,8,,5,,,51,131,,5,62,,3,,15,7,,8,9,5,,,399,,,74,15,349,,13,165,4,18,4,19,60,32,22,,595,,21,,7,,62,,6,3,,,,30,8,11,12,23,12,29,15,139,30,19,136,7,729,6,5,6,,160,,28,7,,,251,,5,179,,3,7,356,72,1404,,4,3,148,12,,158,,8,27,80,97,8,46,19,99,
02-05-2020,8,,,83,68,8,28,14,,4,22,5,4,,,244,6,14,8,8,,24,,315,86,44,37,,6,66,8,,35,,,5,275,,13,14,216,,97,4,10,,28,3,,,1086,111,17,5,19,,5,15,,51,5,12,32,338,,5,14,,102,3,,9,18,9,26,14,416,64,,36,,7,,3,34,5,6,76,37,69,,96,66,346,,,27,3,4,,,,30,3,,,1012,18,8,20,613,10,6,,,10,3,,,33,74,1567,62,400,5,214,13,21,,5,71,871,71,3,68,16,,1149,,17,53,,4,15,8,17,3,13,69,,,,,7,15,48,98,,7,54,,11,19,,,,,,15,4,233,223,,13,173,9,24,10,,28,566,18,,298,7,267,3,16,142,,,,3,10,51,22,52,8,6,6,26,3,5,6,35,1247,8,,5,,,51,132,,5,62,,3,,15,7,,8,9,5,,,406,,,74,15,350,,13,165,4,18,4,19,60,34,22,,604,,21,,7,,62,,6,3,,,,30,8,11,12,23,12,29,15,139,30,19,136,7,729,6,5,6,,164,,28,7,,,251,,5,186,,3,7,359,72,1413,,4,3,149,12,,159,,8,27,80,98,8,47,19,99,
03-05-2020,8,,,83,68,8,29,16,,4,22,5,4,,,244,6,14,8,8,,24,,336,86,50,37,,6,66,8,,35,,,5,278,,20,14,219,,97,4,10,,28,3,,,1105,111,17,5,19,,5,16,,51,5,12,32,341,,5,14,,102,3,,9,18,9,26,15,420,65,,36,,7,,3,35,5,6,76,39,72,,96,66,346,,,28,3,4,,,,30,3,,,1012,19,9,20,613,10,6,,,10,3,,,33,74,1567,62,408,5,215,13,21,,5,71,871,74,3,68,16,,1149,,17,53,,4,15,8,17,3,13,69,,,,,7,15,48,99,,7,54,,11,20,,,,15,,12,4,243,224,,13,174,9,24,10,,28,566,18,,298,7,267,3,18,142,,,,3,10,53,22,52,8,6,6,26,3,5,6,35,1247,8,,5,,,52,135,,5,62,,3,,15,7,,8,9,5,,,412,,,74,15,352,,13,165,5,18,4,20,61,35,22,,608,,21,,7,,62,,6,3,,,,30,8,11,12,23,12,29,15,139,31,19,136,7,729,6,5,6,,164,,31,7,,,258,,5,195,,3,7,359,72,1413,,4,3,149,13,,167,,8,27,80,98,8,48,19,105,
04-05-2020,7,,,83,70,8,29,16,,4,22,5,4,,,245,4,13,7,7,,24,,348,84,51,40,,5,64,7,,35,,,5,291,,21,14,225,,102,4,10,,28,3,,,1112,111,16,5,19,,6,16,,62,5,11,33,343,,5,14,,104,3,,6,17,9,25,16,458,71,,34,,7,,3,35,5,6,73,40,77,,98,66,351,,,28,,4,3,,,30,3,,,1009,21,9,21,617,9,6,,,9,3,,,33,79,1567,62,410,5,225,14,19,,5,72,871,75,7,71,18,,1149,,18,52,,4,16,8,17,3,14,68,,,,,7,18,57,100,,8,54,,13,20,,,,19,,12,4,244,230,,12,175,11,26,11,,28,573,18,,305,7,267,3,18,145,,,,4,8,53,20,57,8,6,6,25,3,4,6,35,1258,9,,4,,,57,136,,5,62,,3,,15,7,,6,9,5,,,416,,,74,15,356,,13,165,5,15,4,20,61,36,22,,618,,21,,7,,62,,9,3,,,,30,7,11,14,23,11,26,18,139,33,20,136,6,729,6,5,6,,162,,31,7,,,260,,3,197,,3,7,364,72,1418,,4,3,148,13,,167,,8,28,95,99,8,55,19,111,
05-05-2020,7,,,83,70,8,30,16,,4,23,5,4,,,247,4,13,8,7,,24,,368,86,51,40,,5,64,7,,35,,,6,300,,23,14,225,,109,4,10,,28,3,,,1113,111,16,5,19,,5,16,,62,5,11,37,350,,5,14,,104,3,,6,18,9,26,17,508,135,,34,,7,,3,35,5,6,73,40,77,,98,60,356,,,28,,4,3,,,26,3,,,1009,21,9,21,622,9,6,,,9,3,,,36,79,1579,62,420,5,225,15,19,,5,72,871,75,7,73,18,,1149,,18,53,,4,16,8,17,3,14,72,,,,,7,18,59,101,,8,54,,13,20,,,,19,,12,4,248,232,,12,176,11,26,11,,28,574,18,,305,7,272,3,19,145,,,,4,8,53,20,57,8,6,6,25,3,4,6,36,1266,9,,4,,,57,136,,5,62,,3,,15,7,,6,9,5,,,419,,,76,15,356,,13,165,5,15,4,21,63,36,22,,627,,21,,7,,62,,9,3,,,,30,7,11,14,23,12,26,18,139,33,20,136,6,729,6,5,6,,163,,31,7,,,260,,3,216,,3,7,382,72,1425,,4,3,149,13,,168,,8,28,95,99,8,55,19,111,
06-05-2020,8,,,84,70,8,30,16,,4,27,5,4,,,257,4,15,8,7,,24,,383,86,53,40,,5,64,8,,35,,,6,300,,29,15,226,,116,4,11,,28,3,,,1118,113,16,6,22,,5,16,,62,6,11,39,389,,5,14,,104,3,,6,18,9,26,17,520,142,,34,,7,,3,35,5,6,74,40,77,,98,61,357,,,29,,4,3,,,26,3,,,1009,21,10,21,624,9,6,,,9,3,,,36,79,1627,62,453,5,225,16,19,,5,79,871,75,7,74,18,,1153,,16,53,,5,16,8,18,3,14,80,,,,,7,22,59,104,,9,54,,13,20,,,,19,,14,4,259,254,,12,177,11,27,11,,28,574,19,,305,7,278,3,19,145,,,,4,8,53,21,57,8,6,6,25,3,4,6,38,1266,9,,4,,,57,139,,5,62,,3,,17,7,,6,9,5,,,423,,,80,15,357,,14,167,5,15,4,21,63,36,22,,669,,21,,7,,63,,9,3,,,,30,7,11,14,23,12,31,18,139,33,20,137,7,729,6,5,6,,163,,31,7,,,266,,3,229,,3,7,382,72,1425,,4,4,149,13,,171,,8,28,94,99,8,55,20,111,
07-05-2020,8,,,87,71,8,30,16,,4,33,5,4,,,256,4,15,9,7,,24,,402,89,53,40,,5,64,8,,35,,,6,300,,38,16,229,,126,4,11,,28,4,,,1130,115,16,6,23,,4,16,,63,6,11,44,415,,5,15,,104,3,,6,18,9,26,17,551,142,,37,,7,,3,38,5,6,76,41,77,,98,60,363,,,31,,4,3,,,26,4,,,1017,21,10,20,637,9,6,,,9,3,,,36,79,1668,62,464,5,231,16,20,,5,85,874,76,7,76,17,,1163,,17,53,,5,16,8,19,3,13,89,,,,,7,25,71,105,,9,54,,13,19,,,,19,,14,6,263,259,,12,180,12,28,11,,28,574,19,,309,7,281,3,20,147,,,,4,8,57,22,60,8,6,6,26,,4,6,38,1269,9,,4,,,57,139,,5,63,,3,,16,7,,7,9,5,,,426,,,82,15,363,,14,169,6,15,4,23,64,36,21,,697,,22,,7,,64,,9,3,,,,30,7,11,13,23,12,31,18,139,33,20,139,12,729,6,5,6,,167,,33,7,,,268,,3,235,,,7,382,72,1432,,4,4,150,13,,173,,9,28,97,99,8,56,20,111,
08-05-2020,8,,,87,71,8,30,16,,5,33,5,4,,,258,4,15,9,7,,24,,422,90,68,40,,5,67,8,,36,,,6,300,,38,16,275,,132,4,11,,28,4,,,1146,116,15,6,23,,4,16,,63,6,11,44,432,,5,15,,104,3,,6,21,9,26,17,556,142,,37,,7,,3,38,8,6,76,43,77,,102,60,370,,,31,,4,3,,,26,4,,,1046,21,10,20,647,9,6,,,9,3,,,37,79,1700,62,464,5,238,16,20,,5,87,906,76,7,79,17,,1192,,17,54,,5,16,8,19,3,13,89,,,,,7,25,71,105,,9,57,,13,19,,,,19,,14,6,263,259,,12,186,12,28,11,,28,574,20,,317,7,285,3,20,152,,,,4,8,59,22,60,8,6,6,26,,5,6,38,1295,9,,4,,,58,141,,7,63,,3,,16,7,,8,9,5,,,437,3,,83,15,369,,14,178,6,15,4,23,64,36,21,,697,,22,,7,,64,,9,3,,,,30,8,11,13,23,12,31,18,141,33,20,149,12,734,6,5,7,,172,,34,7,,,274,,3,235,,,7,382,72,1445,,4,4,150,13,,214,,9,28,97,101,8,56,22,111,
09-05-2020,8,,,87,72,8,30,16,,5,38,6,4,,,268,4,15,9,7,,24,,428,90,68,40,,5,67,8,,36,,,6,306,,42,17,277,,137,4,11,,28,4,,,1149,116,15,6,24,,4,16,,63,6,11,45,433,,5,16,,104,3,,6,22,9,26,17,558,142,,37,,7,,4,38,8,6,76,43,87,,102,60,374,,,32,,4,3,,,26,4,,,1048,21,10,21,657,9,6,,,9,3,,,37,79,1724,62,497,5,250,16,20,,5,89,908,77,7,79,18,,1197,,17,54,,5,16,10,19,4,13,93,,,,,7,25,79,107,,10,57,,17,19,,,,19,,14,7,271,272,,12,187,12,28,11,,28,614,20,,320,7,285,3,20,153,,,,4,8,59,22,60,8,6,6,26,,5,6,38,1300,9,,4,,,58,141,,7,63,,3,,16,7,,8,9,5,,,440,3,,83,15,370,,14,181,6,15,4,23,67,38,21,,745,,22,,8,,65,,9,3,,,,30,8,11,13,23,13,31,18,142,33,20,149,12,737,6,5,7,,174,,34,7,,,276,,3,249,,,7,382,72,1448,,5,4,150,13,,214,,9,28,98,101,8,57,22,112,
10-05-2020,8,,,87,73,8,30,16,,5,39,6,4,,,270,4,15,9,7,,24,,431,91,68,40,,5,68,8,,37,,,6,308,,47,17,278,,138,4,11,,28,4,,,1149,116,15,6,24,,4,16,,64,6,11,45,439,,5,16,,104,3,,6,22,9,26,17,561,143,,37,,7,,4,38,8,6,76,43,88,,102,59,376,,,32,,4,3,,,26,4,,,1048,21,10,20,659,9,6,,,9,3,,,37,79,1735,62,505,5,260,16,20,,5,91,908,77,7,79,18,,1204,,17,54,,5,16,10,19,4,13,94,,,,,7,25,81,108,,10,57,,17,19,,,,19,,14,7,274,274,,12,187,12,28,11,,28,625,20,,320,7,287,3,20,153,,,,4,8,59,22,60,8,6,6,26,,5,6,38,1300,9,,4,,,58,143,,7,63,,3,,16,7,,8,9,5,,,440,3,,83,15,372,,13,191,6,15,4,23,67,39,21,,762,,22,,8,,65,,9,3,,,,30,8,11,13,23,13,31,18,142,33,20,150,12,737,6,5,7,,174,,34,7,,,279,,3,257,,,7,382,72,1453,,5,4,150,13,,214,,10,28,99,101,8,57,22,112,
11-05-2020,8,,,87,74,8,30,16,,5,39,6,4,,,273,4,15,9,7,,24,,448,92,68,40,,5,68,8,,37,,,6,308,,48,17,279,,141,4,12,,28,4,,,1152,116,15,7,24,,4,16,,64,6,11,46,442,,5,17,,104,3,,6,22,9,26,17,561,143,,37,,7,,4,38,8,6,76,44,88,,104,59,383,,,32,,4,3,,,26,4,,,1048,21,10,20,661,10,6,,,9,3,,,37,79,1737,64,507,5,267,16,20,,5,91,909,77,7,79,18,,1207,,17,54,,5,16,10,19,4,13,97,,,,,7,25,87,108,,10,57,,17,19,,,,19,,16,7,277,277,,12,191,12,28,11,,28,626,20,,320,7,289,3,20,155,,,,4,8,59,23,60,8,6,6,27,,5,6,38,1303,9,,4,,,58,143,,7,63,,3,,16,7,,8,9,5,,,442,3,,83,15,372,,13,191,6,15,4,23,68,39,21,,769,,22,,8,,65,,9,3,,,,30,8,11,13,23,13,31,18,142,33,20,150,12,737,6,5,8,,174,,34,7,,,279,,3,258,,,7,382,72,1455,,5,4,150,13,,214,,10,28,99,101,8,57,23,112,
12-05-2020,8,,,87,74,8,31,18,,5,42,6,4,,,278,4,15,9,7,,24,,458,92,68,40,,5,69,8,,37,,,7,313,,49,22,279,,144,4,12,,28,4,,,1153,119,15,7,24,,4,16,,65,6,11,46,446,,5,19,,104,3,,6,23,9,26,19,561,143,,38,,7,,4,38,8,6,76,44,90,,104,60,385,,,32,,4,3,,,26,4,,,1050,21,10,21,663,10,6,,,9,3,,,37,79,1791,64,536,5,271,16,20,,5,91,909,77,7,84,18,,1216,,17,54,,5,16,10,19,4,13,101,,,,,7,26,91,110,,11,68,,17,19,,,,19,,17,7,301,288,,12,193,12,32,11,,28,635,20,,320,7,290,3,20,156,,,,4,8,59,23,60,8,6,6,27,,5,6,38,1304,9,,4,,,58,144,,7,63,,3,,16,7,,10,9,5,,,446,3,,84,16,373,,13,199,6,15,4,23,68,41,21,,790,,22,,8,,66,,9,3,,,,30,8,12,13,23,13,31,18,142,33,20,151,12,737,6,5,8,,176,,34,7,,,281,,3,264,,,7,386,72,1458,,5,4,150,13,,214,,10,28,99,101,8,60,23,118,
13-05-2020,8,,,87,74,8,31,20,,5,43,6,4,,,282,4,15,9,7,,24,,484,93,68,40,,5,70,8,,37,,,7,314,,50,22,279,,147,4,12,,29,4,,,1153,119,15,7,24,,4,16,,65,6,11,46,453,,5,19,,104,3,,6,23,9,26,19,561,143,,38,,7,,4,38,8,6,77,44,92,,104,60,385,,,32,,4,3,,,26,4,,,1050,21,10,22,666,10,6,,,9,3,,,37,79,1811,64,559,5,279,16,20,,5,95,909,77,7,84,18,,1217,,17,54,,5,16,10,19,4,15,103,,,,,7,26,94,110,,11,68,,17,19,,,,19,,18,7,311,292,,12,193,12,32,16,,28,636,20,,322,7,290,3,20,157,,,,4,8,59,23,60,8,6,6,27,,5,6,38,1306,9,,4,,,58,145,,7,63,,3,,17,7,,10,9,5,,,448,3,,84,16,374,,13,210,6,14,4,23,69,41,21,,790,,22,,8,,66,,9,3,,,,30,8,12,13,23,14,31,18,143,33,20,153,12,737,6,5,8,,176,,34,7,,,281,,4,267,,,7,386,72,1461,,5,4,150,13,,214,,10,28,98,102,8,60,23,118,
14-05-2020,8,,,87,74,8,36,20,,5,43,6,4,,,286,4,16,9,7,,24,,496,93,68,41,,5,70,8,,37,,,8,324,,53,22,281,,151,4,13,,30,4,,,1153,119,15,8,25,,4,17,,65,6,11,46,459,,5,19,,104,3,,6,23,9,26,19,564,144,,38,,7,,4,38,8,6,78,44,92,,104,60,388,,,32,,4,3,,,26,4,,,1051,21,10,22,668,10,6,,,9,3,,,37,79,1835,64,576,5,283,16,20,,5,95,909,77,7,85,18,,1220,,17,54,,5,16,10,19,4,15,103,,,,,7,26,96,110,,11,68,,17,19,,,,19,,18,7,318,297,,12,193,12,32,16,,28,636,20,,323,7,291,3,21,157,,,,4,8,59,23,60,8,6,6,27,,5,6,38,1311,9,,4,,,58,145,,7,63,,3,,18,7,,10,9,5,,,448,3,,86,16,374,,13,219,6,14,4,23,71,41,21,,790,,22,,8,,66,,9,3,,,,30,8,12,13,23,14,31,18,143,33,21,153,12,737,6,5,8,,177,,34,7,,,283,,4,286,,,7,386,72,1463,,5,4,150,13,,214,,10,28,98,104,8,60,23,120,
15-05-2020,8,,,87,74,8,36,20,,6,47,6,4,,,288,4,16,9,8,,24,,507,93,72,42,,5,70,8,,39,,,10,324,,54,23,282,,153,4,13,,30,4,,,1153,119,15,9,25,,4,18,,65,6,11,46,465,,5,19,,104,3,,6,23,9,26,19,565,144,,38,,7,,4,38,8,6,79,44,93,,104,64,393,,,33,,4,3,,,26,4,,,1052,21,10,24,668,10,6,,,9,3,,,37,79,1871,64,591,6,291,16,20,,5,97,909,78,7,85,18,,1229,,17,54,,5,16,10,19,5,15,103,,,,,7,26,101,111,,11,68,,17,20,,,,19,,24,7,323,305,,12,193,12,34,16,,25,640,21,,325,7,293,3,21,157,,,,4,8,59,23,60,8,6,6,27,,6,6,40,1312,9,,4,,,58,145,,7,64,,3,,18,7,,10,9,5,,,450,3,,86,16,377,,13,231,6,14,4,23,72,42,22,,842,,22,,8,,66,,9,3,,,,30,8,12,13,23,14,31,18,143,35,21,153,12,738,6,5,8,,178,,36,7,,,284,,4,292,,,7,386,72,1463,,5,4,150,13,,214,,10,29,98,105,8,62,23,120,
16-05-2020,8,,,87,74,8,37,20,,6,48,6,4,,,293,4,16,9,8,,24,,524,93,72,42,,5,70,8,,39,,,10,324,,56,23,284,,157,4,14,,30,4,,,1153,119,15,9,25,,4,18,,65,6,11,48,467,,5,19,,104,3,,6,23,9,26,19,565,144,,38,,7,,4,38,8,6,81,44,93,,104,64,393,,,33,,4,3,,,26,4,,,1053,21,10,24,671,10,6,,,9,3,,,37,79,1919,63,604,6,297,16,20,,5,97,909,78,7,85,18,,1233,,17,54,,5,16,10,19,5,15,107,,,,,7,26,104,111,,11,68,,17,20,,,,19,,28,7,329,312,,12,194,12,34,20,,28,640,21,,325,7,293,3,21,157,,,,4,8,59,23,60,8,6,6,27,,6,6,40,1314,9,,4,,,58,145,,7,64,,3,,18,7,,10,9,5,,,450,3,,88,16,378,,13,239,6,14,4,25,74,42,23,,859,,22,,8,3,66,,9,3,,,,30,8,12,13,23,14,33,18,144,35,22,153,12,739,6,5,8,,179,,36,7,,,285,,4,294,,,6,387,72,1475,,5,4,150,13,,214,,10,29,98,107,8,62,23,122,
17-05-2020,8,,,87,74,8,38,21,,6,49,6,4,,,298,4,16,9,8,,24,,535,93,72,43,,5,71,8,,39,,,11,324,,56,23,285,,166,4,14,,32,4,,,1153,119,15,9,25,,4,18,,66,6,11,50,475,,5,19,,104,3,,6,23,9,26,19,567,144,,39,,7,,4,38,8,6,82,44,93,,105,63,394,,,33,,4,3,,,26,4,,,1053,21,10,24,673,10,6,,,9,3,,,38,79,1938,63,612,6,297,19,20,,5,97,909,78,7,86,18,,1233,,17,54,,5,16,10,19,5,15,111,,,,,7,27,107,111,,11,68,,17,20,,,,19,,28,7,341,313,,12,195,12,34,20,,28,640,23,,325,7,293,3,21,158,,,,4,8,59,23,60,8,6,6,27,,6,6,40,1317,9,,4,,,58,145,,7,64,,3,,18,7,,10,9,5,,,450,3,,91,16,380,,13,253,6,14,4,25,76,42,24,,880,,22,,8,3,66,,9,3,,,,30,8,12,13,23,14,34,18,144,35,22,153,12,740,6,5,8,,179,,36,7,,,286,,4,298,,,6,390,72,1479,,5,4,150,13,,214,,10,29,98,108,8,62,23,122,
18-05-2020,8,,,87,73,8,38,21,,6,50,6,4,,,305,4,16,9,8,,24,,552,93,72,43,,5,71,8,,39,,,11,324,,56,23,295,,172,4,14,,32,4,,,1154,119,15,9,25,,4,18,,66,6,11,50,476,,5,20,,104,3,,6,23,9,26,19,567,145,,39,,7,,4,38,8,6,82,44,93,,105,63,394,,,33,,4,3,,,26,4,,,1053,21,10,24,676,10,6,,,9,3,,,39,80,1962,63,642,6,300,19,20,,5,99,912,78,7,86,18,,1236,,17,54,,5,16,10,19,5,15,115,,,,,7,27,110,111,,11,68,,17,20,,,,19,,28,8,352,313,,12,197,12,34,20,,28,640,24,,326,7,296,3,21,158,,,,4,8,61,23,60,8,6,6,27,,6,6,40,1318,9,,4,,,58,145,,7,64,,3,,18,7,,10,9,5,,,450,3,,93,17,381,,13,262,6,14,4,25,77,43,24,,899,,23,,8,3,67,,9,3,,,,30,8,12,13,23,14,36,18,144,35,22,153,12,740,6,5,8,,179,,36,7,,,286,,4,302,,,7,391,72,1485,,5,4,150,13,,214,,10,30,98,108,8,62,23,122,
19-05-2020,8,,,87,74,8,39,22,,6,58,6,4,,,313,4,16,9,9,,24,,568,93,72,43,,5,72,8,,39,,,12,327,,56,23,295,,180,4,14,,32,4,,,1173,119,15,9,25,,4,18,,68,6,11,51,479,,6,20,,104,3,,6,23,9,26,20,572,154,,39,,7,,4,38,8,6,82,44,95,,109,63,394,,,33,,4,3,,,26,4,,,1058,22,10,24,682,10,6,,,9,3,,,39,80,2018,63,656,6,300,19,21,,5,101,913,78,7,86,18,,1242,,17,57,,5,16,10,19,5,15,116,,,,,7,28,111,111,,11,71,,17,20,,,,19,,28,8,372,328,,12,198,12,34,21,,28,642,24,,326,7,298,3,21,158,,,,4,8,61,23,60,8,6,6,27,,6,6,39,1326,9,,4,,,58,149,,7,64,,3,,19,7,,10,9,5,,,454,,,95,17,388,,13,267,6,14,4,26,80,43,24,,899,,24,,8,3,67,,9,3,,,,30,10,12,13,23,14,37,18,145,35,22,153,12,746,6,5,8,,179,,36,7,,,287,,4,310,,,7,393,72,1510,,5,4,151,13,,228,,10,30,98,114,8,62,23,122,
20-05-2020,8,,,87,74,8,39,23,,7,63,6,4,,,320,4,16,9,9,,24,,585,93,72,43,,5,73,8,,39,,,12,330,,56,23,295,,188,4,14,,32,4,,,1196,119,16,9,25,,4,18,,68,6,11,52,483,,6,20,,104,3,,6,23,9,26,21,572,154,,39,,7,,4,38,9,6,82,44,95,,115,62,395,,,32,,4,3,,,26,4,,,1065,22,11,24,695,10,6,,,9,4,,,39,80,2046,63,678,6,309,19,21,,5,104,916,78,7,86,18,,1245,,17,61,,5,16,10,19,5,15,120,,,,,7,28,112,111,,11,71,,17,20,,,,19,,28,8,383,339,,12,203,12,36,22,,28,646,24,,330,7,298,3,21,160,,,,4,8,61,23,60,8,6,6,27,,6,6,38,1334,9,,4,,,58,150,,7,64,,3,,19,7,,10,9,5,,,468,3,,98,17,388,,13,275,6,14,4,26,83,43,24,,899,,24,,8,3,67,,9,3,,,,30,10,12,13,23,14,37,18,145,35,22,154,12,751,6,5,8,,182,,36,7,,,288,,4,318,,,7,394,72,1521,,5,4,151,13,,228,,10,30,98,124,8,62,23,125,
21-05-2020,9,,,87,75,8,39,23,,7,65,6,4,,,326,4,17,9,10,,24,,600,93,78,43,,5,73,8,,40,,,12,331,,56,25,295,,188,4,14,,33,4,,,1199,119,16,9,25,,4,18,,68,6,11,52,494,,6,20,,104,3,,6,23,9,26,22,574,154,,40,,7,,4,38,9,6,88,45,95,,119,62,396,,,33,,4,3,,,26,4,,,1065,22,11,24,699,10,6,,,9,4,,,39,80,2076,64,715,6,315,19,21,,5,106,926,78,7,86,18,,1250,,17,62,,5,17,10,19,5,15,126,,,,,7,29,115,114,,11,71,,17,20,,,,19,,29,8,404,343,,12,207,12,36,22,,28,651,24,,330,7,299,3,21,165,,,,5,8,61,23,60,8,6,6,27,,6,6,38,1336,9,,4,,,58,152,,7,64,,3,,19,7,,10,9,5,,,469,3,,102,17,388,,13,283,6,14,4,29,83,43,24,,957,,24,,8,3,71,,9,3,,,,30,10,12,13,23,14,37,18,145,35,22,154,12,753,6,5,8,,183,,36,7,,,290,,4,327,,,7,394,72,1529,,5,4,151,13,,228,,10,30,99,128,8,64,23,128,
22-05-2020,9,,,87,75,8,39,23,,7,67,6,4,,,330,4,17,9,11,,24,,617,93,78,43,,5,73,8,,40,,,12,332,,58,26,295,,188,4,14,,33,4,,,1199,119,16,9,25,,4,19,,68,6,11,53,498,,6,20,,104,3,,6,23,9,26,22,574,154,,40,,7,,4,38,9,6,88,45,95,,120,66,397,,,33,,4,3,,,26,4,,,1065,22,11,24,700,10,6,,,9,4,,,39,80,2107,64,771,6,315,20,22,,5,106,926,78,7,86,18,,1257,,17,62,,5,17,10,19,5,15,129,,,,,7,29,116,114,,11,71,,17,20,,,,19,,29,8,428,346,,12,207,12,36,22,,28,651,24,,331,7,301,3,21,166,,,,5,8,64,23,60,8,6,6,28,,6,6,38,1337,9,,4,,,58,152,,7,64,,3,,19,7,,10,9,5,,,470,3,,102,17,388,,13,291,6,14,4,29,83,43,24,,1006,4,24,,8,3,71,,9,3,,,,30,10,12,13,23,14,37,18,145,35,22,154,12,753,6,5,8,,183,,36,7,,,290,,4,331,,,7,394,72,1535,,6,6,151,13,,228,,10,30,99,131,8,64,24,128,
23-05-2020,9,,,87,75,8,39,23,,7,68,6,4,,,334,4,18,9,11,,24,,640,94,78,43,,5,73,8,,40,,,12,334,,58,26,296,,188,4,14,,34,4,,,1206,119,17,9,25,,4,19,,68,5,11,54,500,,7,20,,104,3,,6,22,9,26,22,574,154,,41,,7,,4,38,9,6,88,45,95,,120,66,399,,,33,,4,3,,,26,4,,,1073,22,11,24,701,10,6,,,9,4,,,39,80,2146,64,802,6,315,20,22,,5,108,933,78,7,86,18,,1264,,17,62,,5,17,10,20,5,15,131,,,,,7,29,116,114,,11,71,,17,20,,,,19,,29,8,436,352,,12,207,12,37,22,,28,652,24,,333,7,305,3,21,166,,,,5,8,64,23,60,8,6,6,28,,6,6,38,1347,9,,4,,,58,155,,7,64,,3,,19,7,,10,9,5,,,474,3,,104,17,389,,13,300,6,14,4,31,83,43,24,,1006,4,24,,8,3,70,,9,3,,,,30,10,12,13,23,14,39,18,146,35,22,155,12,754,6,5,8,,183,,36,7,,,290,,4,343,,,8,396,72,1551,,6,6,152,13,,228,,11,30,99,131,8,64,25,128,
24-05-2020,10,,,87,75,8,39,23,,7,68,6,4,,,343,4,18,9,11,,24,,656,95,78,43,,5,73,8,,40,,,12,334,,60,26,298,,198,4,14,,35,4,,,1209,119,17,9,25,,4,19,,69,5,11,56,515,,7,20,,104,3,,6,22,9,26,22,574,154,,41,,7,,4,38,9,6,88,46,95,,121,66,402,,,33,,4,3,,,26,4,,,1077,22,11,24,707,10,6,,,9,4,,,39,81,2177,64,819,7,315,20,22,,5,108,939,78,7,86,18,,1269,,17,62,,5,17,10,21,5,15,131,,,,,7,30,116,114,,11,71,,17,20,,,,19,,29,8,445,358,,12,207,12,37,22,,28,652,27,,334,7,306,3,21,166,,,,5,10,64,23,60,8,6,6,28,,6,6,38,1347,9,,4,,,58,156,,7,64,,3,,19,7,,10,9,5,,,476,3,,105,17,391,,13,307,6,14,4,32,83,43,24,,1006,4,24,,8,3,70,,9,3,,,,30,10,12,13,23,16,39,18,146,35,22,155,12,755,6,5,8,,184,,36,7,,,291,,4,349,,,8,398,72,1552,,6,6,152,13,,228,,11,30,99,135,8,64,25,128,
25-05-2020,10,,,88,75,8,39,23,,7,69,6,4,,,352,4,18,9,11,,24,,663,95,78,43,,5,73,8,,41,,,12,334,,62,29,298,,203,4,14,,35,4,,,1209,119,17,9,25,,4,19,,69,6,11,56,520,,7,20,,104,3,,6,23,9,26,24,575,154,,41,,7,,4,38,9,6,89,46,95,,121,66,403,,,33,,4,3,,,26,4,,,1077,22,11,24,707,10,6,,,9,4,,,39,82,2182,64,828,7,331,20,22,,5,111,940,78,7,88,18,,1269,,17,62,,5,17,10,21,5,15,141,,,,,7,30,116,116,,11,71,,17,20,,,,19,,29,8,453,363,,12,210,12,38,22,,28,652,27,,334,7,306,3,21,168,,,,5,10,65,23,60,8,6,6,28,,6,6,38,1347,9,,4,,,61,156,,7,64,,3,,19,7,,10,9,5,,,476,3,,106,17,391,,13,318,6,14,4,32,88,43,24,,1078,4,24,,8,3,74,,9,3,,,,30,10,12,13,23,16,39,18,146,35,22,155,12,755,6,5,8,,184,,36,7,,,291,,4,351,,,8,398,72,1552,,6,6,152,13,,230,,11,30,100,135,8,65,26,129,
26-05-2020,14,,,88,76,8,39,23,,7,76,6,4,,,352,4,18,9,11,,24,,689,95,78,43,,5,73,8,,41,,,12,334,,66,31,298,,207,5,15,,35,4,,,1213,119,18,9,26,,4,19,,69,6,11,56,524,,7,20,,104,3,,6,23,9,26,24,575,154,,45,,7,,4,38,9,6,89,46,95,,121,66,403,,,34,,4,3,,,26,4,,,1079,22,11,24,710,10,6,,,9,4,,,39,82,2206,64,863,7,331,20,22,,5,112,940,78,7,88,18,,1272,,18,63,,5,17,10,21,5,15,142,,,,,7,30,116,116,,11,71,,17,20,,,3,19,,29,8,463,374,,13,210,12,38,22,,28,652,27,,334,7,307,3,21,168,,,,5,10,65,23,60,8,6,6,28,,6,6,39,1347,9,,4,,,61,157,,7,64,,3,,19,7,,10,9,5,,,477,3,,109,17,391,,13,322,6,14,4,32,90,43,24,,1107,4,25,,8,3,74,,9,3,,,,30,10,12,13,23,16,41,18,146,35,22,155,12,757,6,5,8,,185,,36,7,,,292,,4,355,,,8,398,72,1552,,6,6,152,13,,231,,11,30,101,137,8,65,26,129,
27-05-2020,16,,,88,76,8,39,23,,7,78,6,4,,,361,4,20,8,12,,24,,728,95,78,43,,5,73,8,,41,,,12,334,,71,31,299,,217,5,15,,35,4,,,1213,119,18,9,26,,4,19,,69,6,11,57,534,,7,20,,104,3,,6,23,9,26,24,577,155,,47,,7,,4,39,9,8,89,46,95,,121,66,403,,,34,,4,3,,,26,4,,,1079,22,11,25,710,10,6,,,9,4,,,39,83,2254,64,894,7,332,20,22,,5,115,944,78,7,90,18,,1275,,18,63,,6,17,10,21,5,15,146,,,,,7,30,116,116,,11,71,,17,20,,,3,19,,29,9,477,390,,13,210,12,39,26,,28,652,27,,334,7,308,3,22,170,,,,5,10,65,23,60,8,6,6,28,,6,6,38,1349,9,,4,,,61,157,,7,64,,3,,19,7,,11,9,5,,,480,3,,111,17,391,,13,335,6,14,4,33,97,43,24,,1140,4,25,,8,3,75,,9,3,,,,30,10,12,13,23,18,42,18,146,35,22,155,12,757,6,5,8,,186,,37,7,,,292,,4,377,,,8,399,72,1553,,6,6,153,13,,233,,11,30,101,137,8,65,26,131,
28-05-2020,17,,,89,76,8,39,23,,7,79,6,4,,,365,4,20,8,12,,24,,753,97,78,43,,6,73,8,,41,,,12,335,,72,31,299,,221,6,15,,35,4,,,1218,119,18,9,26,,4,19,,71,6,11,59,542,,8,20,,104,3,,6,23,9,26,24,579,155,,47,,7,,4,41,9,8,91,46,97,,121,67,405,,,34,,4,3,,,26,5,,,1083,22,11,25,713,10,6,,,9,4,,,39,84,2290,64,934,7,336,20,22,,5,116,944,78,7,90,18,,1277,,18,63,,6,17,10,21,5,15,147,,,,,7,30,118,116,,11,71,,17,20,,,3,19,,29,9,506,400,,13,210,12,39,26,,28,661,35,,334,7,308,4,22,170,,,,5,10,65,23,60,8,6,6,28,,6,6,38,1351,9,,4,,,61,157,,7,64,,3,,19,7,,11,9,5,,,481,3,,113,17,391,,13,343,6,14,4,34,98,43,24,,1173,5,25,,8,3,75,,9,3,,,,30,10,12,13,23,18,44,20,146,35,22,155,12,757,6,5,8,,186,,37,7,,,294,,4,387,,,8,400,72,1553,,6,6,153,13,,233,,11,30,101,137,8,65,26,133,
29-05-2020,17,,,89,76,8,40,23,,7,83,6,4,,,375,4,20,8,12,,24,,782,97,78,43,,6,73,8,,41,,,12,335,,73,31,300,,224,6,15,,38,4,,,1224,119,18,9,26,,4,19,,71,6,11,61,546,,8,20,,104,3,,6,23,9,26,24,580,155,,49,,7,,4,41,9,8,91,46,97,,121,66,405,,,34,,4,3,,,26,5,,,1083,22,11,25,713,10,6,,,9,4,,,39,84,2324,65,982,9,336,20,22,,5,121,944,78,7,90,18,,1277,,18,63,,6,17,10,21,5,15,149,,,,,8,30,118,116,,11,71,,17,20,,,3,19,,29,10,522,412,,13,209,12,39,27,,28,661,35,,335,7,308,4,22,170,,,,5,10,65,23,60,8,6,6,28,,6,6,38,1351,9,,4,,,61,157,,7,64,,3,,19,7,,11,9,5,,,481,3,,115,17,391,,13,359,6,14,4,35,101,43,22,,1173,5,25,,8,3,75,,9,3,,,,30,10,12,13,23,19,46,20,146,35,22,155,12,757,6,5,8,,186,,37,7,,,294,,4,392,,,9,400,72,1558,,6,6,153,13,,233,,11,30,101,137,8,65,25,133,
30-05-2020,17,,,89,76,8,40,23,,7,87,6,4,,,384,4,20,8,12,,24,,821,97,78,43,,6,73,8,,41,,,13,336,,76,31,301,,227,6,15,,39,4,,,1225,119,18,9,28,,4,19,,71,6,11,61,551,,9,20,,104,3,,6,23,9,26,24,584,155,,49,,7,,4,41,9,8,91,46,99,,121,66,405,,,34,,4,3,,,26,5,,,1083,22,11,25,714,10,6,,,9,4,,,39,84,2365,66,1009,9,336,20,22,,5,123,944,78,7,90,18,,1277,,18,63,,6,17,10,21,5,15,150,,,,,8,30,119,116,,11,71,,17,20,,,3,19,,30,9,534,416,,13,209,12,39,27,,33,661,35,,336,7,309,4,22,170,,,,5,10,65,23,60,8,6,6,29,,6,6,38,1354,9,,4,,,61,158,,7,64,,3,,20,7,,12,9,5,,,481,3,,118,18,393,,13,369,6,14,4,37,101,43,22,,1173,5,25,,8,3,75,,9,3,,,,30,10,12,13,23,19,46,20,146,35,22,155,12,757,6,5,8,,186,,37,7,,,294,,4,398,,,9,400,72,1558,,7,6,154,13,,233,,11,30,101,137,8,65,25,133,
31-05-2020,17,,,89,76,8,40,23,,7,93,6,4,,,392,4,20,8,12,,24,,840,97,78,43,,6,73,8,,41,,,14,336,,78,31,301,,230,6,15,,39,4,,,1225,120,18,9,29,,4,19,,71,6,11,61,562,,16,20,,104,3,,6,23,9,26,24,584,155,,49,,7,,4,41,10,8,91,47,99,,121,66,405,,,34,,7,3,,,26,5,,,1083,22,11,25,714,10,6,,,9,4,,,39,84,2400,70,1043,9,337,20,22,,5,126,944,78,7,90,18,,1280,,18,63,,6,17,10,21,5,15,158,,,,,8,30,119,116,,11,71,,17,20,,,3,19,,30,10,556,432,,13,209,12,39,27,,33,662,36,,337,7,309,4,22,171,,,,5,10,65,23,60,8,6,6,29,,6,6,39,1357,9,,4,,,61,158,,7,64,,3,,20,7,,12,9,5,,,481,3,,123,18,393,,13,384,6,14,4,37,104,43,22,,1173,6,25,,8,3,77,,9,3,,,,30,10,12,13,23,19,47,20,146,35,22,155,12,757,6,5,8,,186,,44,7,,,294,,4,410,,,9,400,72,1568,,7,6,154,13,,233,,11,30,101,139,8,65,25,133,
01-06-2020,17,,,91,76,9,40,23,,7,93,6,4,,,396,4,20,8,12,,24,,861,97,78,43,,6,73,8,,41,,,14,338,,82,31,301,,230,6,15,,40,4,,,1225,121,18,10,29,,4,19,,71,6,11,62,575,,17,20,,104,3,,6,23,9,26,24,585,155,,49,,7,,4,41,10,8,91,47,99,,122,66,406,,,34,,7,3,,,26,5,,,1083,22,11,25,716,10,6,,,9,4,,,39,84,2409,70,1066,9,337,20,22,,5,131,944,78,7,90,18,,1280,,18,63,,6,17,10,21,5,15,160,,,,,8,30,120,116,,11,71,,17,20,,,3,19,,32,11,565,443,,14,210,12,39,27,,33,662,37,,337,7,310,4,22,171,,,,5,11,65,23,60,8,6,6,29,,6,6,39,1357,9,,4,,,61,158,,7,64,,3,,20,7,,12,9,5,4,,481,3,,123,18,393,,13,385,6,14,4,37,105,43,22,,1173,7,25,,8,3,77,,9,3,,,,30,10,12,13,23,20,50,20,146,35,22,155,12,757,6,5,8,,186,,42,7,,,294,,4,413,,,9,400,72,1567,,7,6,154,13,,233,,11,30,101,140,8,65,25,133,
02-06-2020,19,,,91,76,9,40,23,,7,93,6,4,,,402,4,21,8,12,,25,,890,98,78,43,,7,73,9,,41,,,14,341,,82,31,302,,231,6,15,,40,4,,,1225,121,18,10,29,,4,19,,71,6,11,63,579,,16,20,,104,3,,6,23,9,26,24,592,155,,49,,7,,4,41,10,9,92,47,100,,124,66,407,,,34,,9,3,,,26,5,,,1083,22,11,25,720,10,6,,,9,4,,,39,84,2447,70,1089,9,341,20,22,,5,131,944,78,7,92,18,,1281,,18,63,,6,17,10,21,5,15,162,,,,,8,30,120,116,,11,71,,17,20,,,3,19,,32,11,581,446,,14,212,12,40,27,,35,662,37,,337,7,312,4,22,174,,,,5,11,65,23,61,8,6,6,30,,6,6,39,1358,9,,4,,,61,158,,7,64,,3,,22,7,,13,9,5,4,,483,3,,124,18,394,,13,397,6,14,4,37,106,44,22,3,1355,10,25,,8,3,77,,9,3,,,,30,10,12,13,23,20,50,20,146,35,22,155,12,757,6,5,8,,186,,44,7,,,294,,4,427,,,9,400,72,1578,,7,6,155,13,,233,,11,30,101,146,8,65,25,133,
03-06-2020,20,,,91,76,9,40,23,,7,95,6,4,,,408,4,21,8,12,,25,,915,98,78,43,,8,73,9,,41,,,14,342,,83,31,304,,233,6,15,,40,5,,,1228,121,18,12,30,,4,19,,71,6,11,64,593,,16,20,,105,3,,6,23,9,26,24,595,155,,49,,7,,4,41,10,9,92,47,100,,124,66,407,,,34,,9,3,,,26,5,,,1086,22,11,25,720,10,6,,,9,4,,,39,84,2486,70,1114,11,342,20,22,,5,133,946,78,7,92,18,,1285,,18,63,,6,17,10,21,5,15,166,,,,3,8,30,121,116,,11,71,,17,20,,,3,19,,32,11,602,456,,14,212,12,40,27,,36,662,37,,339,7,312,4,22,174,,,,5,11,65,23,61,8,6,6,30,,6,6,41,1361,9,,4,,,61,158,,7,64,,3,,22,7,,13,9,5,4,,485,3,,125,18,395,,13,405,6,14,4,40,107,44,22,3,1400,10,25,,8,3,79,,9,4,,,,30,10,13,13,23,20,52,20,146,35,23,155,12,760,6,5,8,,187,,44,7,,,295,,4,441,,,9,400,72,1580,,7,6,155,13,,233,,11,30,101,147,8,65,25,133,
04-06-2020,20,,,91,78,9,42,23,,8,101,6,4,,,424,4,21,8,12,,25,,956,99,78,43,4,8,73,9,,41,,,14,342,,84,31,304,,237,6,16,,41,7,,,1230,121,18,12,32,,4,19,,71,6,11,66,609,,16,20,,105,3,,6,23,9,26,24,599,155,,49,,7,,4,41,10,9,92,47,101,,124,66,408,,,34,,9,3,,,26,5,,,1087,22,11,25,720,10,6,,,10,4,,,39,84,2536,70,1147,11,342,20,22,,5,135,946,78,7,92,18,,1285,,18,63,,6,17,10,21,5,15,173,,,,3,8,30,126,116,,11,72,,17,20,,,3,19,,32,11,627,465,,14,212,12,40,27,,37,667,38,,342,7,312,4,22,175,,,,5,13,65,23,62,8,6,6,31,,6,6,41,1401,9,,4,,,61,158,,7,64,,3,,22,7,,13,9,5,4,,488,3,,126,18,395,,13,416,6,14,4,40,110,44,22,3,1400,10,25,,8,3,79,,9,4,,,,30,10,13,13,23,22,52,20,146,35,24,155,12,761,6,5,8,,187,,44,7,,,296,,4,461,,,9,400,72,1580,,7,6,155,13,,233,,11,30,101,148,8,65,26,137,
05-06-2020,20,,,91,78,11,42,23,,9,101,6,4,,,433,4,21,8,12,,25,,992,99,78,43,4,8,73,9,,41,,,14,344,,84,31,304,,242,6,16,,41,7,,,1233,122,18,13,32,,4,19,,71,6,12,67,625,,16,20,,105,3,,6,23,9,26,24,600,155,,49,,7,,4,41,10,9,92,47,102,,124,66,408,,,34,,9,3,,,26,5,,,1088,22,11,25,720,10,6,,,10,4,,,39,84,2555,70,1172,11,343,20,22,,5,138,946,78,7,92,18,,1285,,18,63,,6,17,10,21,5,15,176,,,,3,8,30,128,116,,11,72,,17,20,,,3,21,,32,11,642,478,,14,212,12,40,27,,38,670,38,,344,7,312,4,22,176,,,,5,13,65,23,63,8,6,6,31,,6,6,41,1401,11,,4,,,61,158,,7,64,,3,,22,7,,13,9,5,5,,491,3,,126,18,395,,13,432,6,14,4,40,111,46,22,3,1521,10,25,,8,3,79,,9,5,,,,30,10,13,13,23,22,52,20,146,35,24,155,12,761,6,5,8,,187,,44,7,,,296,,4,473,,,9,400,72,1580,,7,7,155,13,,233,,11,30,101,148,8,65,26,142,
06-06-2020,21,,,95,84,11,45,23,,10,102,6,5,,,442,4,21,8,12,,25,,1023,101,78,44,5,9,74,9,,42,,,14,353,,84,31,307,,253,8,19,,42,8,,,1256,123,18,13,33,,4,21,,71,7,13,67,649,,18,22,,105,3,,8,23,9,30,24,603,155,,50,,9,,4,42,13,10,92,50,105,,125,70,408,,,34,,9,3,,,26,5,,,1093,23,11,25,725,10,6,,,10,5,,,39,106,2595,76,1191,14,343,21,25,,5,147,950,82,7,92,26,,1292,,18,64,,7,17,11,21,5,15,181,,,,3,9,30,129,118,,11,72,,17,20,,,3,23,,32,11,655,495,,18,218,12,41,28,,41,672,40,,348,7,313,4,22,176,,,,6,15,66,23,69,8,6,7,35,,11,6,44,1414,11,,4,,,62,159,,8,65,,3,,23,7,,14,10,5,6,,497,4,,128,19,398,,13,447,6,15,4,45,118,47,23,4,1558,11,25,,9,5,80,,9,5,,,,30,10,18,14,23,26,54,20,149,35,26,155,15,762,7,5,10,,192,,44,7,,,297,,5,479,,,9,404,72,1592,,7,9,157,14,,237,,11,30,111,149,8,68,30,148,
07-06-2020,23,,,95,84,11,45,25,,9,104,6,5,,,455,4,21,8,12,,25,,1031,101,78,44,4,9,74,9,,42,,,14,353,,84,31,307,,253,8,17,,43,12,,,1256,123,18,13,40,,4,20,,71,6,13,68,649,,17,22,,106,3,,8,23,9,30,24,603,155,,50,,9,,4,41,10,10,92,50,105,,125,70,408,,,34,,9,3,,,26,5,,,1093,23,11,25,725,10,6,,,11,5,,,39,106,2614,76,1209,14,345,21,23,,5,147,950,82,7,91,26,,1292,,18,64,,6,17,10,21,5,15,183,,,,3,8,30,129,118,,11,72,,17,20,,,3,21,,32,11,678,495,,18,218,12,41,28,,41,672,40,,348,7,313,4,22,176,,,,5,18,66,23,69,8,6,6,35,,11,6,44,1414,11,,4,,,62,159,,6,65,,3,,23,7,,14,10,5,5,,497,3,,128,19,398,,13,450,6,14,4,45,118,47,23,5,1558,11,26,,8,3,80,,9,5,,,,30,10,18,14,23,26,54,20,149,35,26,155,15,762,6,5,8,,192,,44,7,,,297,,5,485,,,9,404,72,1592,,7,7,157,14,,237,,11,30,111,151,8,68,30,148,
08-06-2020,23,,,95,84,11,45,25,,9,105,6,5,,,458,4,21,8,12,,25,,1052,101,78,44,4,9,74,9,,42,,,15,353,,85,31,307,,253,8,17,,44,13,,,1256,123,18,13,42,,4,20,,71,6,13,68,652,,17,22,,106,3,,8,23,9,30,24,604,155,,50,,9,,4,41,10,10,92,50,105,,125,70,408,,,34,,9,3,,,26,5,,,1093,23,11,25,725,10,6,,,11,5,,,40,106,2640,76,1236,14,345,21,23,,5,147,950,82,7,91,26,,1292,,18,64,,6,17,10,21,5,15,185,,,,3,8,30,131,118,,11,69,,17,20,,,3,23,,32,11,689,501,,18,218,12,41,28,,41,672,40,,348,7,313,4,22,176,,,,5,18,66,23,69,8,6,6,35,,11,6,44,1414,11,,4,,3,62,159,,6,65,,3,,23,7,,14,10,5,5,,497,3,,130,19,398,,13,454,6,14,4,45,118,47,23,5,1615,10,26,,8,3,80,,9,5,,,,30,10,18,14,23,26,54,20,149,35,26,155,15,762,6,5,8,,192,,44,7,,,297,,5,491,,,9,404,72,1592,,7,7,157,14,,237,,11,30,111,151,8,68,30,148,
09-06-2020,23,,,95,84,11,45,25,,9,109,5,5,,,464,4,21,8,12,,25,,1094,102,78,45,4,9,75,9,,42,,,15,353,,87,31,307,,253,8,20,,45,14,,,1256,124,18,13,44,,4,20,,71,6,13,69,662,,17,22,,106,3,,8,23,9,26,24,605,155,,50,,9,,4,41,10,10,93,50,105,,125,70,408,,,34,,9,3,,,26,5,,,1093,23,11,25,725,10,6,,,11,5,,,40,106,2700,76,1288,14,346,21,23,,5,150,950,78,7,91,20,,1292,,18,64,,6,17,10,21,5,15,189,,,,3,8,30,133,118,,11,69,,17,20,,,3,23,,32,11,724,514,,18,218,12,41,28,,41,672,40,,348,7,314,4,22,176,,,,5,19,66,23,69,8,6,6,33,,11,6,44,1414,11,,4,4,3,62,159,,6,65,,3,,23,7,,14,10,5,5,,497,3,,130,19,398,,13,464,6,14,4,45,118,47,23,5,1701,10,26,,8,3,80,,9,5,,,,30,10,18,14,23,26,54,20,149,35,27,155,15,762,6,5,9,,192,,44,7,,,297,,5,507,,,9,404,72,1592,,7,7,157,14,,237,,11,30,111,151,8,68,30,148,
10-06-2020,23,,,95,80,11,45,25,,9,112,5,5,,,481,4,21,8,12,,25,,1131,102,78,45,4,9,75,9,,43,,,15,353,,87,35,307,,255,8,21,,46,14,,,1256,124,18,13,48,,4,20,,71,6,13,69,666,,17,22,,106,3,,8,23,9,26,28,605,155,,50,,9,,4,41,10,10,94,50,105,,125,70,408,,,34,,9,3,,,26,5,,,1093,23,11,25,725,10,6,,,11,5,,,40,106,2751,76,1331,15,346,21,26,,5,155,950,78,7,91,20,,1292,,18,64,,6,17,10,21,5,15,192,,,,3,8,30,134,118,,11,69,,17,20,,,3,23,,32,12,735,521,,14,218,12,41,28,,41,672,40,,349,7,315,4,22,176,,,,5,19,66,23,69,8,6,6,34,,11,6,44,1414,11,,4,4,3,62,159,,6,65,,3,,23,7,,14,9,5,5,,497,3,,134,19,399,,13,473,6,14,4,45,120,47,23,6,1754,10,26,,8,3,80,,9,5,,,,30,10,18,14,23,26,54,20,149,35,28,155,15,762,6,5,9,,192,,44,7,,,297,,5,525,,,9,404,72,1592,,7,7,157,14,,237,,11,30,101,151,8,68,30,148,
11-06-2020,23,,,95,80,11,46,25,,9,114,5,5,,,488,4,21,8,12,,25,,1152,102,78,46,4,9,75,9,,44,,,15,353,,92,35,307,,260,8,23,,46,14,,,1256,124,18,13,48,,4,20,,71,6,13,70,681,,17,22,,106,3,,8,23,9,26,28,605,155,,50,,9,,4,41,10,10,94,50,106,,125,70,408,,,34,,9,3,,,26,5,,,1093,23,11,25,725,10,6,,,11,5,,,40,106,2789,76,1352,15,346,21,26,,5,161,950,78,7,92,20,,1292,,18,64,,6,17,10,21,5,15,196,,,,3,8,30,134,118,,11,69,,17,20,,,3,23,,32,12,745,530,,14,218,12,41,28,,41,673,40,,350,7,315,4,22,177,,,,5,19,66,23,69,9,6,6,34,,11,6,46,1414,11,,4,4,3,62,159,,6,65,,3,,23,7,,14,9,5,5,,497,,,135,19,399,,13,480,6,14,4,46,122,47,23,6,1802,10,26,,8,3,80,,9,5,,,,30,10,18,14,23,26,54,20,149,35,29,155,15,762,6,5,9,,192,,44,7,,,297,,5,525,,,9,404,72,1592,,7,7,157,14,,237,,11,30,101,151,,68,30,148,
12-06-2020,23,,,95,81,11,48,25,,9,115,5,5,,,489,4,21,8,12,,25,,1186,102,78,46,4,9,75,9,,44,,,15,353,,93,35,307,,262,8,23,,46,14,,,1256,124,18,13,51,,4,20,,71,6,13,71,692,,17,22,,106,3,,8,23,9,26,28,605,155,,50,,9,,4,41,10,10,97,50,106,,125,70,408,,,34,,9,3,,,26,5,,,1093,23,11,25,725,10,6,,,11,5,,,40,106,2803,76,1383,15,346,21,26,,5,161,950,78,7,92,20,,1292,,18,64,,6,17,10,21,5,15,198,,,,3,8,30,134,118,,11,69,,17,20,,,3,23,,32,12,758,543,,14,218,12,41,28,,41,673,40,,350,7,315,4,22,177,,,,5,20,66,23,69,9,6,6,34,,11,6,46,1414,11,,4,4,3,62,159,,6,65,,3,,23,7,,14,9,5,5,,497,,,135,19,400,,13,482,6,14,4,47,125,47,23,6,1839,10,26,,8,3,80,,9,5,,,,30,10,18,14,23,26,54,20,149,35,29,155,15,762,6,5,9,,192,,44,7,,,297,,5,536,,,9,404,72,1597,,7,7,157,14,,237,,11,30,102,151,8,69,30,149,
13-06-2020,23,,,95,81,11,49,25,,9,120,5,5,,,495,4,21,8,12,,25,,1226,102,80,49,4,9,75,9,,44,,,15,353,,93,35,308,,267,8,22,,50,14,,,1256,124,18,13,53,,4,19,,71,6,13,72,697,,17,22,,106,3,,8,23,9,26,28,605,155,,50,,9,,4,41,10,11,97,50,106,,125,70,408,,,34,,9,3,,,26,5,,,1093,23,11,25,725,10,6,,,11,5,,,40,92,2852,76,1424,15,347,21,26,,5,163,950,78,7,93,20,,1292,,18,64,,6,17,10,21,5,15,200,,,,3,8,30,134,118,,11,69,,17,20,,,3,23,,32,12,777,555,,14,218,12,41,28,,41,673,40,,350,7,315,4,22,177,,,,5,20,66,23,69,9,6,6,34,,11,6,49,1414,11,,4,4,3,62,159,,6,65,,3,,23,7,,14,9,5,5,,497,,,135,19,400,,13,485,6,14,4,47,125,47,23,6,1886,10,26,,8,3,80,,9,5,,,,30,10,18,14,23,26,56,20,149,35,29,155,15,762,6,5,9,,192,,44,7,,,297,,5,561,,,9,404,72,1599,,7,7,157,14,,237,,11,30,102,151,8,81,30,151,
14-06-2020,23,,,95,81,11,50,25,,9,121,5,5,,,497,4,21,8,12,,25,,1240,102,80,49,4,9,75,9,,44,,,15,353,,93,35,308,,270,8,22,,50,14,,,1256,124,18,13,53,,4,19,,71,6,13,72,715,,17,22,,106,3,,8,23,9,26,28,605,155,,50,,9,,4,41,10,11,98,50,106,,125,70,409,,,34,,9,3,,,26,5,,,1093,23,11,25,725,10,6,,,11,5,,,40,92,2852,76,1436,15,347,21,26,,5,164,950,78,7,93,20,,1292,,18,64,,6,17,8,21,5,15,201,,,,3,8,30,134,118,,11,69,,17,20,,,4,23,,32,12,782,555,,14,218,12,43,28,,41,675,40,,351,7,315,4,22,177,,,,5,21,66,23,69,10,6,6,34,,11,6,49,1414,11,,4,9,3,62,159,,6,65,,3,,23,7,,14,9,5,5,,497,,,136,19,400,,13,500,6,14,4,47,126,47,23,6,1913,10,26,,8,3,80,,9,5,,,,30,10,18,14,23,26,56,20,149,35,30,155,15,762,6,5,9,,192,,44,7,,,297,,5,570,,,9,404,72,1599,,7,7,157,14,,237,,11,30,102,151,8,81,30,151,
15-06-2020,23,,,95,81,11,50,25,,9,121,5,5,,,502,4,21,8,12,,25,,1253,102,80,49,4,9,75,9,,44,,,16,353,,93,35,308,,271,8,22,,50,17,,,1256,124,18,13,54,,4,19,,71,6,13,72,724,,17,22,,106,3,,8,23,9,26,28,605,155,,50,,9,,4,41,10,11,99,50,106,,125,70,409,,,34,,9,3,,,26,5,,,1093,23,11,25,725,10,6,,,11,5,,,40,94,2880,76,1447,16,347,21,26,,5,165,950,78,7,93,20,,1292,,18,64,,6,17,8,21,5,15,202,,,,3,8,30,134,118,,11,69,,17,20,,,4,23,,32,12,786,565,,14,218,12,43,28,,41,676,40,,352,7,315,4,22,177,,,,5,24,66,23,69,10,6,6,34,,11,6,50,1414,11,,4,9,3,62,159,,6,65,,3,,23,7,,14,9,5,5,,497,,,136,19,400,,13,502,6,14,4,48,127,47,23,6,1934,10,26,,8,3,80,,9,5,,,,30,10,18,14,23,26,56,20,149,35,30,155,15,762,6,5,9,,192,,44,7,,,297,,5,573,,,9,404,72,1600,,7,7,157,14,,237,,11,30,102,151,8,81,29,151,
16-06-2020,23,,,95,81,13,57,26,,9,122,5,5,,3,505,4,21,8,12,,25,,1290,102,80,50,4,9,75,9,,44,,,16,353,,95,35,309,,275,8,22,,56,17,,,1256,124,18,15,54,,4,19,,71,6,13,73,730,,17,22,,106,3,,8,23,9,26,28,605,155,,50,,9,3,4,41,9,11,99,50,106,,125,70,409,,,34,,9,3,,,26,5,,,1093,23,11,25,725,10,6,,,11,5,,,40,94,2922,76,1492,16,347,21,26,,5,167,950,78,7,93,20,,1292,3,18,64,,6,17,8,21,5,15,202,,,,3,8,30,135,118,,11,69,,17,20,,,5,23,,32,13,817,576,,14,218,12,43,28,,41,676,42,,354,7,315,4,22,177,,,,5,25,66,23,69,10,6,6,34,,11,6,50,1414,11,,4,9,3,62,159,,,65,,3,,23,7,3,14,9,5,5,,497,,,136,19,400,,13,505,6,14,4,49,127,47,23,6,1983,11,26,,8,3,80,,9,5,,,,30,10,18,14,23,26,58,20,149,35,30,155,15,762,6,5,9,,192,,44,7,,,297,,5,588,,,9,404,72,1600,,7,7,157,,,237,,11,30,102,151,8,81,29,155,3
17-06-2020,23,,,95,81,14,62,26,,9,123,5,5,,3,510,4,21,8,12,,25,,1309,102,80,50,4,9,75,9,,44,,,18,353,,96,35,309,,287,8,22,,57,17,,,1256,125,18,15,56,,4,19,,71,6,13,74,741,,17,22,,106,3,,8,23,9,26,28,605,155,,50,,9,4,4,41,8,11,99,50,106,,125,70,409,,,34,,9,3,,,26,5,,,1093,23,11,25,725,10,6,,,11,11,,,40,94,2940,76,1512,16,347,21,26,,5,172,950,78,7,96,20,,1292,3,18,64,,6,17,8,21,5,15,211,,,,3,8,30,136,118,,11,69,,17,20,,,5,23,,32,13,830,585,3,14,218,12,43,28,,41,677,42,,355,7,315,4,22,177,,,,5,26,66,23,72,10,6,6,34,,11,6,51,1414,12,,4,9,3,62,160,,6,65,,3,,23,7,3,14,9,5,5,,497,,,137,19,401,,13,512,6,14,4,50,130,47,23,6,2020,11,26,,8,3,80,,9,5,,,,30,11,18,14,23,26,59,20,149,35,30,155,15,762,6,5,9,,192,,44,7,,,297,,5,596,,,9,404,72,1605,,7,7,157,14,,237,,11,30,102,151,8,81,29,155,6
18-06-2020,23,,,95,81,14,66,26,,9,123,5,5,,3,516,4,22,8,12,,25,,1336,102,80,50,4,9,75,9,,44,,,18,353,,100,35,309,,293,8,22,,61,17,,,1256,129,18,15,57,,4,19,,71,6,13,74,747,,20,22,,106,3,,8,23,9,26,28,605,155,,50,,9,5,4,41,8,11,99,50,106,,125,70,409,,,34,,9,3,,,26,5,,,1093,23,11,25,725,10,6,,,11,11,,,40,94,2979,76,1548,16,347,21,26,,5,178,950,78,7,96,20,,1292,3,18,64,,6,17,8,21,5,15,211,,,,3,8,30,138,118,,11,70,,17,20,,,5,23,,32,13,847,599,3,14,218,12,44,28,,41,677,43,,356,7,315,4,22,177,,,,5,26,66,23,72,10,6,6,34,,11,6,51,1414,12,,4,9,3,62,160,,6,65,,3,,23,7,3,14,9,5,5,,497,,,137,20,401,,13,520,6,14,4,50,130,48,23,6,2105,11,26,,9,3,80,,9,5,,,,25,11,18,14,23,26,59,20,149,35,31,155,15,762,6,5,9,3,192,,44,7,,,297,,5,607,,,9,404,72,1607,,7,7,157,14,,237,,11,30,102,151,8,81,31,161,6
19-06-2020,23,,,95,83,14,66,27,,9,126,5,5,,3,528,5,29,8,12,,25,,1366,102,80,50,4,9,75,9,,44,,,18,353,,101,35,309,,294,8,22,,66,17,,,1256,129,18,15,59,,4,19,,71,6,13,74,760,,20,22,,106,3,,8,23,9,26,28,605,155,,50,,9,5,4,41,8,11,99,50,106,,125,70,409,,,41,,9,3,,,26,5,,,1093,23,11,28,725,10,6,,,12,31,,,40,94,3037,76,1576,16,347,21,26,,5,183,950,78,7,96,20,,1292,3,18,65,,6,17,8,21,5,15,211,3,,,3,8,30,140,118,,11,70,,17,20,,,5,23,,32,13,859,599,3,14,218,12,45,28,,41,678,43,,356,7,315,4,22,177,,,,5,26,66,23,75,10,6,6,34,,11,6,51,1414,12,,4,9,3,63,160,,7,65,,3,,23,7,3,14,9,5,5,,497,,,138,21,403,,13,527,6,14,4,50,130,49,23,6,2179,11,26,,9,3,80,,9,5,,3,,26,11,18,14,23,26,59,20,149,35,31,155,15,762,6,5,9,3,192,,44,7,,4,297,,5,623,,,9,404,72,1609,,7,7,157,16,,237,,11,30,102,151,8,81,33,162,6
20-06-2020,23,,,95,88,14,66,28,,9,128,5,5,,3,533,6,33,8,12,,25,,1405,102,80,50,4,9,75,9,,44,,,18,353,,101,35,309,,295,8,21,,66,17,,,1256,129,18,15,60,,4,19,,71,6,13,74,779,,26,22,,106,3,,8,23,9,26,28,606,155,,50,,9,5,4,41,8,11,99,50,106,,125,70,409,,,41,,9,3,,,26,5,,,1093,23,11,28,725,11,6,,,13,52,,,40,95,3096,76,1604,16,347,21,26,,5,188,950,78,7,96,20,,1292,3,18,65,,6,17,8,21,5,15,211,3,,,3,8,30,154,118,,11,70,,17,20,,,5,23,,32,13,874,599,3,14,218,12,46,28,,41,678,46,,356,7,315,4,22,177,,,,5,26,66,23,75,10,6,6,34,,11,6,53,1414,12,,4,9,3,64,160,,18,65,,3,,23,7,3,14,9,5,5,,497,,,143,21,403,,13,530,6,14,4,53,130,49,23,6,2227,11,26,,9,3,80,,9,5,,3,,26,11,18,14,23,26,59,20,149,35,31,155,15,762,6,5,9,3,192,,44,7,,4,297,,5,636,,,9,404,72,1611,,7,7,157,16,,237,,11,30,102,151,8,81,38,163,6
21-06-2020,23,,,95,89,15,91,28,,9,129,5,5,,3,538,6,33,8,12,,25,,1428,102,80,50,4,9,75,9,,44,,,20,354,,101,35,309,,296,8,21,,67,26,,,1256,129,18,15,61,,4,19,,71,6,13,74,791,,28,22,,106,3,,8,23,9,26,28,606,155,,50,,9,5,4,41,8,11,99,50,106,,125,70,409,,,41,,9,3,,,26,5,,,1093,23,11,28,725,11,6,,,13,54,,,40,95,3135,76,1623,16,347,21,26,,5,192,950,78,7,96,20,,1292,3,18,65,,6,17,8,21,5,15,236,3,,,3,8,30,154,118,,11,71,,17,20,,,6,23,,32,13,881,635,3,14,218,12,46,28,,41,680,47,,356,7,315,4,22,177,,,,5,26,66,23,75,10,6,6,34,4,11,6,53,1414,12,,4,9,3,64,160,,24,65,,3,,27,7,3,14,9,5,5,,497,,,144,21,403,,13,535,6,14,4,53,149,49,23,6,2253,11,26,,9,3,80,,10,5,,3,,26,11,18,14,23,26,59,20,149,35,31,155,15,762,6,5,9,3,192,,44,7,,4,297,,5,646,,,9,404,72,1611,,8,7,157,16,,237,,11,30,102,151,8,81,38,164,6
22-06-2020,23,,,95,90,15,91,28,,9,130,5,5,,3,548,6,33,8,12,,25,,1436,102,80,50,4,9,75,9,,44,,,20,354,,101,35,309,,297,8,21,,68,26,,,1256,129,19,16,61,,4,19,,71,6,13,76,803,,28,22,,106,3,,8,23,8,26,88,607,155,,48,,9,5,4,41,8,11,116,50,106,,125,70,409,,,41,,9,3,,,26,13,,,1093,23,11,28,725,11,6,,,13,64,,,40,99,3150,76,1654,15,347,21,26,,5,192,950,78,7,96,20,,1292,3,18,65,,6,17,8,21,5,15,239,8,,,3,8,30,154,118,,11,71,,20,20,,,6,23,,32,13,920,646,3,14,218,12,46,28,,38,681,49,,356,7,315,4,22,177,,3,,5,26,66,23,75,10,6,6,34,4,11,6,57,1414,14,,4,9,3,66,160,,32,65,,3,,27,7,3,13,9,5,5,,498,,,144,21,403,,13,542,6,14,4,54,152,50,23,6,2272,11,26,,9,3,80,,10,5,,3,,28,11,18,14,23,23,60,20,149,35,31,155,15,762,6,5,9,3,192,,44,7,,4,297,,5,652,,,9,404,72,1611,,8,7,157,16,,237,,11,30,102,151,8,81,38,164,6
23-06-2020,23,,,95,93,16,91,28,,9,132,5,5,,3,552,6,33,7,12,,25,,1479,102,81,52,4,9,75,9,,44,,,21,355,,103,38,309,,300,8,21,,68,26,,,1256,132,19,16,62,,4,19,,71,6,13,83,817,,28,22,,106,3,,8,22,8,26,90,607,155,,48,,9,6,4,41,8,11,119,50,106,,125,70,409,,,41,,9,3,,,26,13,,,1093,23,11,28,725,11,6,,,13,64,,,40,101,3191,76,1680,15,347,21,26,,5,193,950,78,7,103,20,,1292,4,18,65,,6,17,8,21,5,15,245,8,,,3,9,30,155,118,,11,71,,20,20,,,6,23,,32,13,963,666,3,14,218,12,46,28,,40,683,51,,356,7,315,4,22,177,,3,,6,28,66,23,75,10,6,6,34,4,11,6,60,1414,14,,4,9,3,66,160,5,78,65,,3,,28,7,3,13,9,5,5,,498,,,150,21,403,,13,546,6,14,4,55,164,50,23,6,2325,11,26,,9,3,80,,10,5,,3,,29,11,17,14,23,23,62,20,149,35,33,155,15,762,6,5,9,3,192,,44,7,,4,297,,5,683,,,9,404,72,1622,,8,7,157,16,,237,,11,30,102,151,8,88,45,168,6
24-06-2020,23,,,95,98,16,95,28,,9,135,5,5,,3,558,6,33,7,12,,25,,1511,102,81,52,4,9,75,9,,47,,,21,358,,103,38,309,,306,8,22,,69,27,,,1256,134,19,16,67,,4,19,,71,6,13,83,829,,28,22,,106,3,,8,20,8,26,92,608,155,,49,,9,6,4,41,8,11,119,50,106,,125,70,412,,,41,,9,3,3,,26,14,,,1093,23,11,28,725,11,6,,,13,66,,,40,104,3238,76,1707,16,347,21,26,,5,195,950,78,7,108,20,,1292,4,18,66,,6,17,8,21,5,15,253,8,,,3,9,30,156,118,,11,71,,20,20,,,6,23,,32,13,1017,676,3,14,218,12,47,28,,44,684,53,,356,7,315,4,22,177,,4,,6,39,66,23,75,10,6,6,34,5,11,6,71,1414,14,,4,9,3,67,160,5,85,65,,3,,27,7,3,13,9,5,5,,498,,,164,21,403,,13,549,6,14,4,56,165,56,23,6,2370,12,26,,10,3,80,,10,5,,3,,29,11,16,14,23,23,63,20,149,35,35,155,15,762,6,5,9,3,192,,44,7,,4,297,,5,700,,,9,404,72,1628,,8,7,157,16,,237,3,11,31,102,151,8,88,46,169,6
25-06-2020,23,,,95,99,16,104,28,,9,139,5,5,,3,561,6,33,7,12,,25,,1546,102,82,52,4,9,75,9,,47,,,21,358,,111,38,309,,309,8,22,,71,27,,,1256,134,20,18,67,,4,19,,72,6,13,84,846,,28,22,,106,3,,8,20,8,26,92,608,155,,49,,9,6,4,41,8,12,119,50,107,,125,70,412,,,41,,9,3,3,,26,14,,,1093,23,11,28,725,11,6,,,13,70,,,40,109,3277,76,1720,16,347,21,26,,5,201,950,78,7,109,20,,1292,4,18,67,,6,17,8,21,5,15,259,8,,,3,9,30,156,118,,11,71,,20,20,,,6,23,,32,13,1039,686,3,14,218,12,47,28,,46,684,54,,356,7,315,4,22,177,,4,,6,40,66,23,78,10,6,6,33,5,11,6,72,1414,18,,4,9,3,67,160,5,89,65,,3,,27,7,3,14,9,5,5,,498,,,168,21,403,,13,561,6,14,4,58,173,56,25,6,2425,13,26,,10,3,80,,10,5,,3,,33,12,16,14,23,23,65,20,149,35,36,155,15,762,6,5,9,3,192,,44,7,,4,297,,5,720,,,9,404,72,1629,,10,7,161,16,,237,,11,31,102,151,8,88,47,169,6
26-06-2020,23,,,95,104,16,104,28,,9,140,5,5,,3,561,6,33,7,12,,25,,1591,102,82,52,5,9,75,9,,49,,,22,358,,111,38,309,,313,8,22,,72,29,,,1256,134,20,18,68,,4,19,,74,6,13,84,868,,28,23,,107,3,,8,20,8,26,92,608,155,,51,,9,6,4,41,8,13,119,50,107,,125,70,417,,,41,,9,3,3,,26,14,,4,1093,23,12,28,725,11,6,,,13,72,,,40,109,3335,76,1745,16,347,21,26,,5,202,950,78,7,112,20,,1292,4,18,67,,6,17,8,21,5,15,266,8,,,3,9,30,158,118,,11,71,,20,20,,,6,23,,32,15,1054,712,3,14,218,12,47,28,,50,684,58,,356,7,315,4,22,178,,4,,6,40,66,23,78,11,6,6,33,5,11,6,73,1414,18,,4,9,3,67,162,8,106,65,,3,,27,7,3,14,9,5,5,,498,,,172,23,403,,13,567,6,14,4,61,177,58,25,6,2477,15,26,,10,3,80,,10,5,,3,,34,12,16,14,23,23,68,20,149,35,36,155,15,762,6,5,9,3,192,,44,7,,4,297,,5,731,,,9,404,72,1633,,10,7,161,16,,237,,11,31,102,151,8,88,51,169,4
27-06-2020,23,,,95,105,16,104,28,,9,140,5,5,,3,568,6,33,7,12,,25,,1601,102,82,52,5,9,75,9,,49,,,23,358,,110,38,309,,318,8,22,,73,29,,,1256,134,20,18,68,,4,19,,74,6,13,84,870,,28,23,,107,3,,8,20,8,26,92,608,155,,51,,9,6,4,41,8,13,119,50,107,,125,70,417,,,41,,10,3,3,,26,14,,4,1093,23,13,28,725,11,6,,,13,75,,,40,109,3347,76,1756,16,347,21,26,,5,205,950,78,7,112,20,,1292,4,18,67,,6,17,8,21,5,15,268,8,,,3,9,30,159,118,,11,71,,20,20,,,6,23,,32,15,1060,718,3,16,218,12,47,28,,51,686,59,,356,7,315,4,22,179,,5,,6,40,66,23,78,11,6,6,33,5,11,6,76,1414,18,,4,9,3,68,162,8,115,65,,3,,27,7,3,15,9,5,5,,498,,,173,23,403,,13,573,6,14,4,62,178,58,26,8,2499,16,26,,10,4,80,,10,5,,3,,34,12,16,14,23,23,69,20,149,35,36,155,15,762,6,5,9,3,192,,44,7,,4,297,,5,731,,,9,404,72,1634,,10,7,161,16,,237,3,11,31,102,151,8,89,52,169,4
28-06-2020,24,,,95,109,16,104,28,,9,144,5,5,,3,577,6,33,7,13,,25,,1645,102,82,55,5,9,75,9,,49,,,23,359,,110,38,309,,329,8,22,,77,29,,,1256,134,21,19,68,,4,19,,74,6,13,84,906,,28,23,,107,3,,8,20,8,26,92,611,155,,51,,9,6,4,41,11,14,119,50,107,,125,70,417,,,41,,13,3,3,,26,14,,4,1093,23,18,28,725,11,6,,,13,77,,,40,109,3423,76,1791,16,347,21,26,,5,211,950,78,7,112,20,,1292,4,18,67,,6,17,8,21,5,15,278,8,,,3,9,30,162,118,,11,71,,20,20,,,6,23,,32,15,1084,758,3,16,218,12,50,28,,55,688,60,,356,7,315,4,22,179,,5,,6,41,66,23,78,11,6,6,33,5,11,6,77,1414,18,,4,9,3,71,162,8,118,65,,3,,27,7,3,20,9,5,5,,499,,,174,23,403,,13,584,6,14,4,63,183,58,26,8,2564,18,26,,10,4,80,,10,5,,3,,36,12,16,14,23,23,78,20,149,35,36,155,15,762,6,5,9,3,192,,44,7,,4,297,,5,740,,,9,406,72,1640,,11,7,161,16,,237,,11,31,103,151,8,90,51,169,4
29-06-2020,24,,,95,118,16,105,28,,9,147,5,5,,3,584,6,33,7,13,,25,,1666,102,82,55,5,9,75,9,,49,,,23,359,,110,38,309,,329,8,22,,77,29,,,1256,134,21,20,69,,4,19,,74,6,13,84,942,,28,23,,107,4,,8,20,8,26,92,611,155,,51,,9,6,4,41,11,14,119,50,107,,125,84,418,,,41,,16,3,3,,26,14,,4,1093,23,21,28,725,11,6,,,13,77,,,40,109,3453,77,1812,18,347,21,26,,5,213,950,78,7,112,20,,1292,4,18,67,,6,17,8,21,5,15,298,8,,,3,9,30,162,118,,11,71,,20,20,,,6,23,,32,15,1098,778,3,19,218,12,50,28,,57,688,60,,356,7,315,4,22,180,,5,,6,42,66,23,78,11,6,6,33,5,11,6,79,1414,18,,4,9,3,71,162,8,121,65,,3,,27,7,3,20,9,5,5,,499,,,174,23,403,,13,587,6,14,4,63,185,58,26,8,2614,18,26,,10,4,80,,10,5,,3,,36,12,16,14,23,23,82,20,149,35,36,155,15,762,6,5,9,3,192,,44,7,,4,297,,5,745,,,9,406,72,1649,,11,7,161,16,,237,,11,31,104,151,8,90,53,169,5
30-06-2020,25,,,95,121,16,105,28,,9,149,5,5,,3,588,6,33,7,13,,25,,1697,102,82,55,5,9,75,9,,49,,,23,359,,110,38,309,,335,8,22,,77,29,,,1256,135,21,22,73,,4,19,,74,6,13,85,952,,28,23,,107,4,,8,20,8,26,92,613,155,,51,,9,6,4,41,11,14,119,50,107,,125,85,418,,,41,,16,3,3,,26,14,,4,1093,23,20,28,725,11,6,,,13,78,,,40,110,3502,78,1827,18,347,21,26,,5,223,950,78,7,112,20,,1292,5,18,67,,6,17,8,21,5,15,305,8,,,3,9,30,163,118,,11,71,,20,20,,,6,22,,32,15,1101,795,3,19,218,12,50,28,,58,690,64,,356,7,315,4,22,181,,5,,6,44,66,23,80,11,6,6,33,5,11,6,81,1414,18,,4,9,3,71,163,8,123,65,,3,,27,7,3,20,9,5,5,,503,,,179,23,403,,13,590,6,14,4,64,188,58,26,8,2668,18,26,,10,4,80,,10,5,,3,,36,12,16,14,23,23,87,20,149,35,36,155,15,763,6,5,9,3,193,,44,7,,4,297,,5,768,,,9,407,72,1650,,11,7,161,16,,237,,11,31,105,151,,91,53,169,5
01-07-2020,25,,,95,121,16,106,28,,10,155,5,5,,3,593,6,33,7,13,,25,,1718,102,83,55,5,9,75,9,3,49,,,23,361,,111,38,309,,337,8,22,,78,29,,,1256,137,21,22,73,,4,19,,74,6,13,85,964,,28,23,,109,4,,8,20,8,26,92,613,155,,51,,9,6,4,41,11,14,119,50,107,,125,85,418,,,41,,16,3,3,,26,19,,4,1093,23,20,28,725,11,6,,,13,81,,,40,111,3544,78,1856,18,347,21,26,,5,224,950,78,7,112,20,,1292,5,18,67,,6,17,8,21,6,15,309,9,,,3,9,30,168,118,,11,71,,20,20,,,6,22,,32,15,1125,810,3,22,218,12,51,28,,58,690,66,,356,7,320,4,22,182,,5,,6,44,66,23,81,11,6,6,33,5,11,6,81,1414,18,,4,9,3,71,166,8,124,65,,3,,27,7,3,20,9,5,5,,505,,,180,23,403,,13,604,6,14,4,65,194,58,26,8,2704,18,26,,10,4,80,,10,5,,3,,36,12,16,14,23,23,87,20,149,35,36,155,15,763,6,5,9,3,194,,44,7,,4,299,,5,780,,,9,407,72,1661,,11,8,161,17,,237,3,12,31,105,151,8,91,54,169,5
02-07-2020,25,,,95,121,16,106,28,,11,155,5,5,,3,604,6,33,7,13,,25,,1739,102,83,55,5,9,75,9,3,49,,,23,365,,111,38,309,,339,8,21,,81,30,,,1256,139,21,22,74,,4,19,,75,6,13,85,997,,28,23,,109,4,,8,20,8,26,92,613,155,,51,,9,6,4,41,11,14,119,50,107,,125,85,420,,,41,,16,3,3,,26,19,,4,1093,23,21,28,725,11,6,,,13,83,,,40,111,3573,79,1872,18,347,21,26,,5,232,950,78,7,112,20,,1292,5,18,67,,6,17,8,21,6,15,315,12,,,3,10,30,169,118,,11,71,,20,20,,,6,22,,32,15,1141,821,3,22,218,12,51,28,,66,690,66,,357,7,326,4,22,183,,5,,6,47,66,23,81,11,6,6,33,5,9,6,81,1414,18,,4,9,3,71,167,9,125,65,,3,,26,7,3,20,9,5,5,,512,,,179,23,403,,13,622,6,14,4,65,200,58,26,8,2753,20,26,,10,4,80,,13,5,,3,,36,12,16,14,23,26,89,20,149,35,36,155,15,763,6,5,9,3,196,,44,7,,4,299,,5,793,,,9,407,72,1668,,11,8,162,17,,237,3,12,31,105,151,8,91,56,169,7
03-07-2020,25,,,95,125,16,106,28,,11,158,5,5,,3,607,6,33,7,13,,25,,1773,102,83,55,5,9,75,9,3,49,,,23,365,,111,38,309,,341,8,21,,81,30,,,1256,139,21,22,78,,4,19,,75,6,13,85,1041,,28,23,,109,4,,8,20,8,26,92,613,155,,51,,9,6,4,41,11,15,119,50,107,,125,85,420,,,41,,16,,3,,26,19,,4,1093,23,21,28,725,11,6,,,13,83,,,40,111,3584,79,1887,18,347,21,26,,5,242,950,78,7,112,20,,1292,6,22,67,,6,17,8,21,6,15,317,12,,,3,10,30,169,118,,11,71,,20,20,,,6,22,,32,15,1157,838,3,23,218,12,51,28,,68,690,68,,357,7,326,4,22,183,,5,,6,47,66,23,81,11,6,6,33,5,9,6,82,1414,18,,4,9,3,71,168,9,125,65,,4,,27,7,3,20,9,5,5,,512,,,180,23,403,,13,627,6,14,4,65,201,58,26,8,2815,20,26,,10,5,80,,13,5,,3,,36,12,16,14,23,27,90,20,149,35,36,155,15,764,6,5,9,3,196,,44,7,,4,299,,5,796,,,9,407,72,1670,,11,8,162,17,,237,,12,31,105,151,8,91,57,169,7
04-07-2020,29,,,95,125,16,106,28,,11,159,5,5,,3,624,6,33,7,13,,25,,1780,102,83,55,5,9,75,10,3,49,,,23,365,,112,38,309,,345,8,21,,83,28,,,1256,139,21,24,79,,4,19,,75,6,13,86,1061,,28,24,,109,4,,8,20,8,26,92,614,155,,51,,9,6,4,41,11,15,119,50,107,,125,85,420,,,41,,16,4,3,,26,19,,4,1093,23,21,28,725,11,6,,,13,86,,,41,117,3645,79,1910,18,347,21,28,,5,253,950,78,7,112,20,,1292,6,22,67,,6,17,8,21,6,15,318,12,,,3,10,30,171,118,,11,71,,20,20,,,6,22,,32,15,1183,852,3,23,218,12,53,28,,75,690,69,,358,7,326,4,22,185,,5,,6,47,66,24,81,11,6,6,33,5,9,6,83,1414,18,,4,9,3,71,172,11,132,65,,4,,28,7,3,20,9,5,5,,518,,,181,25,403,,13,643,6,14,4,65,204,58,26,8,2850,20,26,,10,5,80,,13,5,,3,,36,12,16,14,23,27,94,20,149,35,36,155,15,764,6,5,9,3,196,,44,7,,4,302,,5,808,,3,9,407,72,1678,,11,8,162,17,,237,,12,31,106,151,8,93,59,169,7
05-07-2020,29,,,95,125,16,106,28,,11,159,5,5,,3,624,6,33,7,13,,25,,1780,102,83,55,5,9,75,10,3,49,,,23,365,,112,38,309,,345,8,21,,83,28,,,1256,139,21,24,79,,4,19,,75,6,13,86,1061,,28,24,,109,4,,8,20,8,26,92,614,155,,51,,9,6,4,41,11,15,119,50,107,,125,85,420,,,41,,16,4,3,,26,19,,4,1093,23,21,28,725,11,6,,,13,86,,,41,117,3645,79,1910,18,347,21,28,,5,253,950,78,7,112,20,,1292,6,22,67,,6,17,8,21,6,15,318,12,,,3,10,30,171,118,,11,71,,20,20,,,6,22,,32,15,1183,852,3,23,218,12,53,28,,75,690,69,,358,7,326,4,22,185,,5,,6,47,66,24,81,11,6,6,33,5,9,6,83,1414,18,,4,9,3,71,172,11,132,65,,4,,28,7,3,20,9,5,5,,518,,,181,25,403,,13,643,6,14,4,65,204,58,26,8,2850,20,26,,10,5,80,,13,5,,3,,36,12,16,14,23,27,94,20,149,35,36,155,15,764,6,5,9,3,196,,44,7,,4,302,,5,808,,3,9,407,72,1678,,11,8,162,17,,237,,12,31,106,151,8,93,59,169,7
06-07-2020,29,,,95,125,16,106,28,,11,159,5,5,,3,624,6,33,7,13,,25,,1780,102,83,55,5,9,75,10,3,49,,,23,365,,112,38,309,,345,8,21,,83,28,,,1256,139,21,24,79,,4,19,,75,6,13,86,1061,,28,24,,109,4,,8,20,8,26,92,614,155,,51,,9,6,4,41,11,15,119,50,107,,125,85,420,,,41,,16,4,3,,26,19,,4,1093,23,21,28,725,11,6,,,13,86,,,41,117,3645,79,1910,18,347,21,28,,5,253,950,78,7,112,20,,1292,6,22,67,,6,17,8,21,6,15,318,12,,,3,10,30,171,118,,11,71,,20,20,,,6,22,,32,15,1183,852,3,23,218,12,53,28,,75,690,69,,358,7,326,4,22,185,,5,,6,47,66,24,81,11,6,6,33,5,9,6,83,1414,18,,4,9,3,71,172,11,132,65,,4,,28,7,3,20,9,5,5,,518,,,181,25,403,,13,643,6,14,4,65,204,58,26,8,2850,20,26,,10,5,80,,13,5,,3,,36,12,16,14,23,27,94,20,149,35,36,155,15,764,6,5,9,3,196,,44,7,,4,302,,5,808,,3,9,407,72,1678,,11,8,162,17,,237,,12,31,106,151,8,93,59,169,7
13-07-2020,29,,,95,125,16,106,28,,11,159,5,5,,3,624,6,33,7,13,,25,,1780,102,83,55,5,9,75,10,3,49,,,23,365,,112,38,309,,345,8,21,,83,28,,,1256,139,21,24,79,,4,19,,75,6,13,86,1061,,28,24,,109,4,,8,20,8,26,92,614,155,,51,,9,6,4,41,11,15,119,50,107,,125,85,420,,,41,,16,4,3,,26,19,,4,1093,23,21,28,725,11,6,,,13,86,,,41,117,3645,79,1910,18,347,21,28,,5,253,950,78,7,112,20,,1292,6,22,67,,6,17,8,21,6,15,318,12,,,3,10,30,171,118,,11,71,,20,20,,,6,22,,32,15,1183,852,3,23,218,12,53,28,,75,690,69,,358,7,326,4,22,185,,5,,6,47,66,24,81,11,6,6,33,5,9,6,83,1414,18,,4,9,3,71,172,11,132,65,,4,,28,7,3,20,9,5,5,,518,,,181,25,403,,13,643,6,14,4,65,204,58,26,8,2850,20,26,,10,5,80,,13,5,,3,,36,12,16,14,23,27,94,20,149,35,36,155,15,764,6,5,9,3,196,,44,7,,4,302,,5,808,,3,9,407,72,1678,,11,8,162,17,,237,,12,31,106,151,8,93,59,169,7
14-07-2020,29,,3,91,127,17,106,32,,13,194,5,4,6,4,714,6,35,8,13,,25,,1989,102,82,58,5,8,74,9,3,53,,,26,379,,117,40,309,,385,14,21,,110,29,,,1260,147,21,25,116,,4,19,,76,7,12,90,1212,,32,25,,109,4,,5,21,8,26,128,621,155,,54,,7,6,5,40,15,16,121,52,107,,123,106,422,,,44,,24,4,3,,31,21,,4,1097,22,24,58,734,11,6,6,,13,95,,,42,131,4084,87,2088,22,349,22,30,3,5,341,946,78,7,114,28,,1304,6,23,67,,6,19,44,20,7,15,365,14,,,3,10,30,183,114,,11,79,6,22,20,,,9,22,,32,20,1349,969,4,25,218,12,74,29,,82,698,79,,361,7,373,4,24,189,,5,,6,50,68,25,87,13,6,11,33,6,9,6,95,1427,20,,4,9,4,70,184,14,155,64,,4,,29,7,3,20,9,6,6,,581,,,183,25,403,,19,732,6,14,6,81,229,60,28,8,3219,29,27,,10,7,80,,13,5,,3,,35,19,16,16,21,28,138,20,148,35,36,147,13,774,6,6,10,3,198,,37,7,,4,334,,5,930,,3,9,408,47,1756,,11,8,162,17,,245,3,14,34,112,158,8,101,66,192,12
20-07-2020,29,,,91,135,18,106,33,,13,215,5,4,7,5,774,7,35,10,13,,25,,2090,103,82,58,5,8,74,9,3,55,,,27,385,,121,40,310,,423,15,22,,115,29,,,1265,148,21,25,122,3,4,19,,80,7,12,92,1302,,32,25,,109,4,,6,22,8,25,130,626,155,,54,,7,6,8,41,15,18,122,52,107,,124,118,426,4,,46,,25,4,3,,31,21,,4,1102,22,23,63,739,11,6,7,,13,101,,,42,139,4240,102,2197,22,351,23,40,3,5,373,957,78,7,117,32,,1313,6,24,67,,7,20,54,21,8,15,406,15,,,3,10,36,193,114,,11,82,6,23,20,,,10,22,,32,20,1425,1030,4,28,219,12,79,29,,86,702,83,,363,7,375,4,25,190,,5,,6,50,69,25,87,19,6,11,34,6,8,6,101,1437,21,,4,9,4,71,190,18,155,64,,4,,31,7,3,21,9,8,6,,593,,,189,34,403,3,19,797,6,15,6,87,242,60,29,12,3476,32,26,,10,7,80,,13,5,,3,,35,19,16,16,22,29,160,20,148,35,36,147,13,782,6,6,10,3,203,,37,7,,4,370,,5,973,,3,10,408,47,1786,,11,8,161,17,,245,,15,34,114,158,8,101,73,192,17
27-07-2020,31,,,91,141,18,105,34,,13,221,5,4,7,5,819,7,35,10,13,,25,,2185,103,83,58,5,9,74,9,3,58,10,,28,386,,127,40,309,,434,18,25,,119,29,,,1269,158,21,26,127,3,4,21,,81,7,12,93,1382,,32,25,,109,4,,6,22,9,28,130,627,155,,55,,7,6,8,41,15,27,122,52,107,,125,127,428,6,4,51,,25,4,3,,32,21,,4,1107,22,24,64,742,11,7,7,,16,102,,,42,148,4408,114,2284,24,351,23,40,6,5,401,963,78,7,118,32,,1316,6,25,67,,7,20,56,21,8,15,431,15,,,3,10,37,197,114,,11,94,7,23,20,,,10,22,,32,26,1512,1073,6,29,220,12,80,29,,92,704,85,,364,8,380,4,26,192,,5,,6,50,70,25,90,20,6,11,35,8,8,6,104,1447,22,,4,9,4,71,197,18,154,64,,4,,33,7,4,22,9,8,6,,604,,,204,35,403,3,19,835,6,15,6,91,258,60,34,15,3695,37,26,,10,8,80,,13,5,,3,,35,19,32,16,22,29,169,20,149,35,37,149,13,788,6,6,10,3,206,,37,7,,4,401,,5,1026,,6,10,414,47,1805,,11,8,161,17,,246,3,15,34,116,161,8,104,74,192,19
03-08-2020,33,,3,92,154,18,112,34,,14,225,6,4,7,5,844,7,35,10,13,,25,,2262,103,85,58,5,9,74,9,3,59,10,,30,388,,131,56,310,,445,18,25,,126,28,,,1277,178,21,26,139,8,4,21,,82,7,12,91,1441,,33,25,,109,4,,6,22,10,27,130,632,155,,56,,7,6,7,41,23,33,122,52,107,,127,135,428,7,9,51,,25,4,3,,34,22,7,8,1110,23,24,66,746,11,7,7,,18,103,,,43,151,4562,119,2358,30,356,24,40,6,5,428,970,78,7,118,32,,1325,12,25,67,,7,20,59,21,8,15,443,15,3,,3,10,37,201,113,3,12,108,7,23,20,,,10,22,,32,30,1573,1104,17,29,223,12,80,29,,93,705,90,,368,8,386,4,26,195,,5,,6,51,70,25,94,22,6,11,35,12,9,6,109,1466,24,,4,9,5,71,213,18,155,65,,4,,34,7,4,28,9,8,6,,617,,,208,38,403,3,19,858,6,18,8,95,283,60,42,16,3830,44,26,,10,8,80,,13,5,,3,,35,19,56,17,22,29,176,20,149,35,37,149,13,790,6,6,10,3,208,,37,7,,4,435,,5,1055,,6,10,436,47,1830,,11,8,161,17,,249,3,15,37,119,165,8,104,77,192,19
10-08-2020,36,,3,96,157,18,129,40,,19,245,6,4,7,5,869,7,36,10,13,,25,,2299,105,86,58,5,9,73,9,3,59,10,,32,389,,138,78,319,,459,18,26,,135,27,,,1280,179,21,27,143,7,4,21,,82,7,12,91,1478,,35,26,,109,4,,6,23,12,27,130,635,155,3,57,,7,6,6,42,23,45,124,54,107,,127,141,428,6,10,52,3,25,4,3,,40,22,9,9,1111,24,26,69,754,11,7,7,,21,118,,,43,156,4691,125,2413,32,358,24,40,6,5,457,974,78,7,119,33,,1332,19,26,67,,7,20,61,21,8,15,457,15,3,,3,10,37,205,114,5,12,111,7,24,20,,,11,22,,32,34,1613,1157,17,28,224,12,80,29,,93,707,94,,373,8,393,4,33,201,,5,,6,51,70,25,96,28,6,11,36,13,9,6,118,1492,25,,4,9,5,75,242,17,157,66,3,4,,35,7,4,28,11,9,6,,625,,3,211,38,403,3,20,879,6,19,10,103,299,60,42,19,3906,47,26,,10,6,80,,13,6,,3,,35,19,67,17,22,29,232,20,154,35,37,150,14,793,6,6,10,3,209,,37,7,,4,496,,5,1098,,7,10,449,47,1839,,11,9,161,17,,249,3,15,37,120,165,8,107,78,192,21
17-08-2020,37,,3,97,164,18,142,44,,19,256,6,5,7,4,896,7,37,10,16,,25,,2350,108,86,58,5,9,74,9,3,59,11,,32,398,,151,89,332,,497,17,28,,157,28,,,1313,188,22,41,143,8,4,21,,84,7,12,91,1509,,36,33,,111,4,,6,23,13,28,130,638,155,3,57,,7,6,6,43,23,49,124,58,109,,129,149,428,6,10,52,4,25,4,3,,46,21,9,10,1116,25,29,69,762,12,8,7,,22,126,,,44,165,4822,139,2457,37,366,25,42,6,5,474,985,79,7,122,33,,1345,22,28,67,,7,22,63,21,8,15,476,15,4,,3,33,38,213,115,36,12,111,7,24,20,,,11,22,,32,35,1657,1208,17,28,225,12,81,29,,93,710,95,,376,8,415,4,33,210,,5,,6,51,72,25,98,28,6,11,39,13,9,6,122,1513,26,,4,9,5,76,284,18,157,66,3,4,,36,7,4,28,12,9,6,,630,5,3,215,38,404,3,20,887,6,19,10,105,323,62,46,19,4038,49,26,,12,6,82,,13,5,,3,,38,19,68,17,22,30,259,20,170,36,37,151,14,797,7,6,10,3,214,,37,7,,4,576,,6,1160,,7,10,493,47,1857,,11,9,162,17,,250,,15,37,124,165,9,110,81,195,21
24-08-2020,39,,3,97,173,18,149,46,,24,260,6,5,7,4,923,7,37,10,16,,25,,2411,111,91,58,5,10,74,12,3,63,12,,35,400,,152,89,341,,507,17,28,,161,29,,,1324,191,22,41,144,8,4,24,,86,7,12,95,1543,,36,37,,111,4,,6,24,13,30,130,642,155,3,58,,7,6,6,44,23,55,125,62,110,,139,156,429,6,10,54,4,25,4,3,,50,21,9,11,1126,25,29,70,773,12,8,7,,26,128,,,45,187,4944,145,2503,41,371,25,53,8,5,483,991,78,7,124,33,,1352,23,28,67,,7,23,63,21,12,15,481,15,4,,3,40,38,215,116,57,12,111,7,24,20,,,14,22,,39,38,1749,1258,17,29,225,14,82,29,,93,711,97,,390,8,427,4,33,224,,5,,7,51,72,25,99,28,6,12,39,14,9,6,130,1545,26,3,4,9,5,81,319,18,159,66,3,4,,40,7,4,30,12,11,6,,638,9,3,221,40,405,3,21,912,6,19,10,113,359,62,47,19,4140,51,27,,12,7,82,,13,5,,3,,39,19,68,17,23,32,292,20,181,36,37,151,14,800,7,6,10,3,221,,37,7,,4,645,,6,1224,,8,10,506,47,1884,,11,9,164,17,,257,,19,38,129,167,10,118,82,197,21
31-08-2020,41,,3,98,181,18,152,47,,45,271,5,6,7,4,967,7,36,10,15,,25,,2494,114,94,58,5,10,74,14,10,93,18,,42,404,,226,92,351,,522,17,27,,164,30,,,1379,198,23,40,142,8,4,29,,90,7,12,95,1596,,37,41,,112,4,,9,29,14,41,130,651,157,3,60,,7,6,7,44,23,55,125,64,110,,142,178,442,6,10,56,4,25,4,3,,60,21,9,13,1132,25,29,73,825,12,8,7,,28,132,,,45,202,5087,164,2539,40,378,26,53,8,5,496,1001,80,7,133,34,,1394,23,28,67,,7,24,63,23,13,15,493,15,4,,3,45,38,220,116,58,12,114,7,25,20,,,16,22,,39,42,1806,1300,17,32,240,18,82,30,,94,714,103,,412,8,436,5,33,248,,5,,7,53,72,25,97,30,7,14,44,16,9,6,132,1585,27,3,7,9,5,85,365,18,162,66,5,4,3,43,7,4,34,13,12,6,,657,9,3,260,40,416,3,23,945,6,19,10,120,402,62,56,21,4279,51,29,,12,11,88,4,14,5,,3,,39,21,69,17,26,36,295,20,191,36,37,151,14,807,8,6,10,3,241,,38,7,,7,698,,6,1323,,8,10,550,47,1920,,11,9,165,18,,308,,25,39,144,169,15,121,82,198,21
07-09-2020,43,,3,98,187,20,156,50,,45,277,5,6,7,4,1000,7,39,10,15,,25,,2586,122,100,63,5,10,76,14,10,191,19,,56,419,,229,94,357,,543,20,27,,172,28,,,1414,205,27,41,146,8,4,33,3,105,7,12,95,1646,,40,49,,113,4,,10,31,16,49,134,668,159,3,60,,8,6,7,45,23,56,128,66,111,3,149,181,482,6,10,62,4,26,4,3,,68,21,9,13,1139,26,32,76,933,12,8,7,,32,135,,,46,214,5295,186,2612,41,442,26,62,8,5,517,1020,80,7,152,35,,1426,24,29,67,,7,24,63,28,17,16,505,15,4,,4,48,38,224,122,59,12,115,7,25,20,,,18,25,,39,55,1873,1365,17,36,255,18,82,30,,95,717,107,,436,8,467,5,33,275,,5,,7,54,72,25,101,29,7,18,47,15,10,6,141,1617,28,3,8,9,5,93,405,18,166,66,5,4,5,43,7,4,34,18,16,6,,680,9,3,287,42,436,3,25,986,36,20,10,128,435,63,61,26,4486,53,30,,15,11,90,4,14,5,,3,,40,23,73,18,27,36,300,20,195,36,37,152,16,807,8,6,11,3,258,,38,7,,7,724,,6,1389,,9,14,629,47,1969,,11,14,166,20,,336,,30,43,157,179,15,135,82,204,21
14-09-2020,48,,3,99,204,21,174,58,,48,285,5,7,8,6,1066,8,40,10,18,,25,,2741,127,106,66,8,10,79,14,10,222,20,,69,431,,238,95,387,,554,20,30,,179,30,,,1464,213,27,42,150,9,4,37,8,119,7,12,97,1724,,45,52,,114,7,3,10,32,19,65,134,685,160,3,64,,9,7,7,46,26,71,134,69,111,4,153,185,495,6,11,67,18,27,4,3,,75,21,9,14,1153,29,41,79,1031,12,8,8,,39,139,,,48,222,5602,193,2759,41,500,27,71,8,5,553,1054,80,7,159,36,,1460,24,29,68,8,7,26,62,33,19,17,525,15,4,,4,56,48,231,124,59,12,115,7,25,20,5,,19,28,4,39,64,1961,1483,17,38,265,20,82,31,,95,720,118,,461,9,495,5,44,307,,5,,7,63,72,25,116,30,7,24,57,15,25,6,146,1661,38,3,8,10,5,112,469,19,168,66,5,4,5,46,7,4,37,19,23,6,,703,9,3,314,84,460,3,26,1041,73,20,11,147,488,64,66,34,4750,56,32,,15,12,100,4,15,5,,3,,41,31,80,19,28,41,307,20,200,38,37,155,33,813,8,6,11,3,274,,38,7,,7,766,,6,1454,,10,17,699,47,2062,,13,17,173,24,4,354,3,44,45,189,188,17,138,132,210,21
21-09-2020,51,14,5,101,227,22,182,67,,50,295,5,8,9,5,1153,8,41,10,18,,25,,2914,136,114,69,10,10,84,15,11,237,21,,74,440,,252,112,420,,585,25,34,,193,28,,,1494,229,28,44,155,11,4,41,10,132,8,12,104,1880,,59,51,,115,12,3,10,32,22,89,134,708,162,5,72,,13,7,9,48,27,77,142,76,112,4,160,195,517,6,11,71,19,27,4,5,,78,22,9,18,1197,29,46,82,1173,12,8,8,,46,180,,,51,244,6050,203,2913,45,512,28,73,9,5,583,1095,84,7,166,43,,1510,30,29,68,15,7,30,66,35,20,25,561,15,5,,4,67,58,244,128,64,12,117,7,26,20,4,,22,32,4,39,69,2092,1605,17,47,282,21,83,34,31,109,726,130,,508,10,507,5,65,350,,9,,7,68,73,25,132,30,7,27,64,19,42,6,151,1732,42,3,8,10,5,120,537,29,174,66,5,5,5,54,7,4,40,22,25,6,,720,9,4,345,104,484,4,27,1128,86,20,12,170,522,65,71,40,5102,58,35,,16,16,113,4,17,5,,3,,47,39,94,29,29,46,324,20,205,40,39,156,47,821,12,6,12,3,287,,39,7,,7,842,,6,1542,,10,18,755,48,2154,,16,27,172,50,9,376,4,80,46,220,192,18,141,152,219,21
28-09-2020,55,24,6,102,258,24,185,71,,51,311,5,8,9,4,1250,9,46,10,18,,25,,3038,145,115,71,13,10,88,17,11,240,25,,88,459,4,254,133,451,,621,27,45,,206,31,,3,1551,250,28,47,157,12,4,43,9,146,9,16,109,2036,,74,54,,116,22,3,10,32,27,99,136,739,164,5,77,,19,7,10,48,28,94,153,87,113,5,168,217,564,6,11,81,20,27,4,21,,83,26,9,22,1240,31,49,89,1302,12,8,9,,50,193,,,54,271,6517,220,3092,51,537,28,84,10,5,606,1115,88,7,184,54,3,1538,33,31,67,15,7,31,68,39,20,25,607,15,6,,4,71,65,257,130,64,12,118,7,26,22,4,4,25,36,4,39,73,2209,1725,17,51,303,25,84,39,39,115,736,152,,557,10,544,5,68,366,,12,,7,76,74,25,142,31,8,29,66,21,44,6,163,1802,50,3,8,10,6,131,585,35,179,66,7,5,5,65,8,7,42,22,26,6,,761,9,4,369,109,500,4,29,1204,87,32,13,186,544,65,78,43,5441,59,37,,16,16,121,4,22,5,,3,,69,40,95,32,31,56,349,20,219,41,42,159,53,859,12,6,14,5,293,,39,8,,8,895,,8,1630,,13,19,798,49,2275,3,17,28,184,79,9,390,5,84,47,247,202,21,145,159,223,21
05-10-2020,57,29,6,106,292,26,199,78,11,54,342,6,8,9,6,1393,10,48,10,18,,25,,3149,153,122,74,18,10,88,17,11,239,27,,97,470,6,271,139,470,,659,30,50,3,216,34,,3,1600,357,29,47,161,15,4,55,9,160,9,16,111,2177,,77,56,,116,30,3,10,37,31,120,137,785,173,5,81,,22,7,11,48,30,104,167,94,114,5,180,227,596,6,11,86,26,27,4,26,,97,31,9,23,1289,31,50,96,1417,13,8,9,3,61,198,,,55,281,6965,260,3357,53,601,29,97,10,6,633,1167,89,7,189,58,4,1570,37,34,68,15,8,32,70,44,25,26,643,16,6,,44,75,74,274,131,64,14,118,7,26,22,5,8,28,36,4,39,82,2366,1828,17,61,323,27,87,39,40,124,747,163,3,585,10,614,5,72,368,,12,,7,84,74,25,153,31,8,31,74,21,44,6,199,1957,60,3,8,10,7,141,607,36,181,69,8,4,5,69,8,8,46,23,33,6,,784,10,4,385,109,513,4,29,1316,88,32,13,200,584,65,83,44,5804,61,38,3,17,15,128,4,25,5,5,3,4,94,40,99,32,35,56,362,24,222,42,42,163,67,908,19,6,14,4,309,,41,8,,13,930,,8,1713,,15,25,858,50,2421,6,17,28,191,101,9,417,4,90,52,259,213,22,149,170,229,22
12-10-2020,58,30,5,115,326,28,223,95,10,54,380,10,14,9,6,1485,12,48,10,18,3,27,,3268,179,131,79,20,10,87,17,12,252,27,,112,502,10,278,142,502,,684,31,58,6,230,39,,4,1670,467,31,47,167,16,4,65,9,179,9,16,113,2380,,83,60,,117,37,3,10,39,38,138,151,810,180,7,83,,26,7,11,50,33,120,177,113,120,5,200,249,634,6,11,92,26,27,5,26,,121,35,9,24,1370,31,51,102,1556,24,9,14,3,65,221,,,60,296,7460,287,3594,58,660,32,101,14,6,670,1237,93,8,230,70,4,1681,37,38,70,15,8,32,70,50,35,29,656,17,6,,74,80,74,289,133,64,14,120,7,27,22,6,8,28,36,4,39,104,2486,1941,17,71,340,28,90,42,40,134,759,199,3,650,11,738,5,74,390,,18,,8,112,77,31,157,31,9,31,81,21,44,6,217,2320,63,4,9,10,8,155,656,39,183,74,10,7,5,69,7,11,51,23,38,6,,811,10,4,398,111,551,4,29,1456,95,33,13,210,628,65,89,44,6110,65,39,3,17,15,134,5,25,5,9,3,4,99,40,109,32,36,69,384,27,231,42,44,171,83,986,27,6,15,4,339,3,43,8,,16,982,,10,1836,,16,28,915,50,2589,9,19,31,235,108,9,436,4,92,59,273,238,22,154,177,240,22
19-10-2020,68,31,5,127,356,33,230,105,19,61,417,16,16,10,8,1660,13,55,10,20,6,55,,3472,282,142,96,21,11,89,17,15,260,27,,138,544,10,285,148,596,,717,36,119,6,245,39,14,5,1819,546,43,48,184,17,4,70,9,205,9,16,128,2695,,109,85,,124,41,4,12,48,41,162,183,896,187,10,84,,39,7,13,50,37,139,197,175,121,8,252,276,788,8,12,105,26,28,6,26,,151,38,9,25,1523,35,57,145,1772,25,10,16,3,71,256,,,68,332,8241,316,3891,67,919,34,119,16,6,781,1418,105,8,351,76,5,1929,38,44,73,16,19,33,70,61,55,32,716,17,8,,81,93,85,319,137,64,15,128,7,32,22,10,8,31,42,4,40,124,2676,2131,17,81,369,33,93,42,44,155,776,234,3,890,16,1303,5,75,566,,20,,8,115,87,55,162,34,9,32,101,23,47,6,248,2884,62,4,9,10,8,173,705,41,184,91,10,16,5,71,9,16,55,26,43,6,,884,11,5,410,116,662,5,31,1603,96,36,14,244,716,75,104,49,6763,72,43,3,21,17,141,7,25,5,10,11,5,114,43,117,36,36,87,405,32,268,46,55,183,86,1160,38,6,17,7,400,4,46,8,,20,1054,,23,2007,,16,30,1021,51,2888,10,20,56,304,114,9,501,8,93,63,313,290,23,170,194,255,22
26-10-2020,102,32,8,153,385,42,259,114,18,74,460,27,49,11,9,1928,17,61,11,22,7,58,,3722,358,157,111,23,12,93,17,15,272,30,3,159,626,10,304,161,751,,757,59,233,43,265,42,45,6,2049,618,60,59,207,19,4,88,13,223,9,18,146,3054,,144,88,,125,44,5,15,63,52,190,228,981,192,18,90,,65,7,14,53,41,162,232,218,131,34,347,311,978,9,15,134,26,29,9,26,,189,50,14,26,1740,38,81,193,2168,26,11,36,3,74,272,,,78,367,9202,337,4164,76,1253,34,156,17,6,896,1648,114,8,485,86,6,2426,38,55,74,18,26,35,77,78,94,35,780,17,12,,81,104,96,355,139,65,16,130,7,33,31,19,9,38,47,6,40,138,2888,2334,17,100,456,48,101,46,44,179,846,276,3,1032,24,1845,5,77,681,,26,,9,123,111,60,169,36,9,32,114,28,53,6,294,3508,77,4,10,10,10,189,778,49,192,94,10,26,5,84,11,21,62,36,51,6,,1063,13,10,466,124,822,6,33,1782,100,46,15,284,808,83,108,66,7454,75,47,5,24,30,183,11,31,5,12,20,7,139,45,145,47,37,122,448,39,312,47,73,199,92,1352,47,6,21,12,449,8,48,10,3,25,1190,,43,2185,,21,34,1195,51,3246,11,20,69,346,126,14,534,24,94,67,363,416,32,202,230,275,25
