data,recebidas,distribuidas,doses,doses_novas,doses1,doses1_novas,doses2,doses2_novas,dosesunk,dosesunk_novas,doses1_perc,doses2_perc,pessoas_vacinadas_parcialmente,pessoas_vacinadas_completamente,pessoas_inoculadas,pessoas_vacinadas_parcialmente_perc,pessoas_vacinadas_completamente_perc,pessoas_inoculadas_perc,populacao1,populacao2,doses_continente,doses_novas_continente,doses1_continente,doses1_novas_continente,doses2_continente,doses2_novas_continente,dosesunk_continente,dosesunk_novas_continente,doses1_perc_continente,doses2_perc_continente,populacao1_continente,populacao2_continente,doses_arsnorte,doses_novas_arsnorte,doses1_arsnorte,doses1_novas_arsnorte,doses2_arsnorte,doses2_novas_arsnorte,dosesunk_arsnorte,dosesunk_novas_arsnorte,doses1_perc_arsnorte,doses2_perc_arsnorte,populacao1_arsnorte,populacao2_arsnorte,doses_arscentro,doses_novas_arscentro,doses1_arscentro,doses1_novas_arscentro,doses2_arscentro,doses2_novas_arscentro,dosesunk_arscentro,dosesunk_novas_arscentro,doses1_perc_arscentro,doses2_perc_arscentro,populacao1_arscentro,populacao2_arscentro,doses_arslvt,doses_novas_arslvt,doses1_arslvt,doses1_novas_arslvt,doses2_arslvt,doses2_novas_arslvt,dosesunk_arslvt,dosesunk_novas_arslvt,doses1_perc_arslvt,doses2_perc_arslvt,populacao1_arslvt,populacao2_arslvt,doses_arsalentejo,doses_novas_arsalentejo,doses1_arsalentejo,doses1_novas_arsalentejo,doses2_arsalentejo,doses2_novas_arsalentejo,dosesunk_arsalentejo,dosesunk_novas_arsalentejo,doses1_perc_arsalentejo,doses2_perc_arsalentejo,populacao1_arsalentejo,populacao2_arsalentejo,doses_arsalgarve,doses_novas_arsalgarve,doses1_arsalgarve,doses1_novas_arsalgarve,doses2_arsalgarve,doses2_novas_arsalgarve,dosesunk_arsalgarve,dosesunk_novas_arsalgarve,doses1_perc_arsalgarve,doses2_perc_arsalgarve,populacao1_arsalgarve,populacao2_arsalgarve,doses_madeira,doses_novas_madeira,doses1_madeira,doses1_novas_madeira,doses2_madeira,doses2_novas_madeira,dosesunk_madeira,dosesunk_novas_madeira,doses1_perc_madeira,doses2_perc_madeira,populacao1_madeira,populacao2_madeira,doses_açores,doses_novas_açores,doses1_açores,doses1_novas_açores,doses2_açores,doses2_novas_açores,dosesunk_açores,dosesunk_novas_açores,doses1_perc_açores,doses2_perc_açores,populacao1_açores,populacao2_açores,doses_outro,doses_novas_outro,doses1_outro,doses1_novas_outro,doses2_outro,doses2_novas_outro,dosesunk_outro,dosesunk_novas_outro,doses_0_17,doses_novas_0_17,doses1_0_17,doses1_novas_0_17,doses2_0_17,doses2_novas_0_17,dosesunk_0_17,dosesunk_novas_0_17,doses1_perc_0_17,doses2_perc_0_17,populacao1_0_17,populacao2_0_17,doses_18_24,doses_novas_18_24,doses1_18_24,doses1_novas_18_24,doses2_18_24,doses2_novas_18_24,dosesunk_18_24,dosesunk_novas_18_24,doses1_perc_18_24,doses2_perc_18_24,populacao1_18_24,populacao2_18_24,doses_25_49,doses_novas_25_49,doses1_25_49,doses1_novas_25_49,doses2_25_49,doses2_novas_25_49,dosesunk_25_49,dosesunk_novas_25_49,doses1_perc_25_49,doses2_perc_25_49,populacao1_25_49,populacao2_25_49,doses_50_64,doses_novas_50_64,doses1_50_64,doses1_novas_50_64,doses2_50_64,doses2_novas_50_64,dosesunk_50_64,dosesunk_novas_50_64,doses1_perc_50_64,doses2_perc_50_64,populacao1_50_64,populacao2_50_64,doses_65_79,doses_novas_65_79,doses1_65_79,doses1_novas_65_79,doses2_65_79,doses2_novas_65_79,dosesunk_65_79,dosesunk_novas_65_79,doses1_perc_65_79,doses2_perc_65_79,populacao1_65_79,populacao2_65_79,doses_80+,doses_novas_80+,doses1_80+,doses1_novas_80+,doses2_80+,doses2_novas_80+,dosesunk_80+,dosesunk_novas_80+,doses1_perc_80+,doses2_perc_80+,populacao1_80+,populacao2_80+,doses_desconhecido,doses_novas_desconhecido,doses1_desconhecido,doses1_novas_desconhecido,doses2_desconhecido,doses2_novas_desconhecido,dosesunk_desconhecido,dosesunk_novas_desconhecido,doses_na,doses_novas_na,doses1_na,doses1_novas_na,doses2_na,doses2_novas_na,dosesunk_na,dosesunk_novas_na,doses1_perc_na,doses2_perc_na,populacao1_na,populacao2_na
11-01-2021,,,83624,48199,83603,48183,21,16,0,0,0.008118174,2.04e-06,83585,21,83606,0.008116426,2.04e-06,0.008118465,10298252,10294118,75711,42880,75693,42866,18,14,0,0,0.0077220979,,9802129,,29796,16514,29787,16509,9,5,0,0,0.00836725,2.53e-06,3559951,3557313,15589,8995,15585,8991,4,4,0,0,0.009400554,2.41e-06,1657882,1659752,23336,12660,23331,12655,5,5,0,0,0.006333478,1.36e-06,3683758,3676471,4691,3467,4691,3467,0,0,0,0,0.010141212,0.0,462568,,2299,1244,2299,1244,0,0,0,0,0.005249218,0.0,437970,,2365,1725,2365,1725,0,0,0,0,0.009313847,0.0,253924,,5534,3581,5531,3579,3,2,0,0,0.022836404,1.24e-05,242202,241936,14,13,14,13,0,0,0,0,4,4,4,4,0,0,0,0,2.35e-06,0.0,1702128,,3127,1774,3125,1772,2,2,0,0,0.004000384,2.56e-06,781176,781250,51014,27354,51002,27347,12,7,0,0,0.01530874,3.6e-06,3331561,3333334,22155,12961,22150,12956,5,5,0,0,0.010187744,2.3e-06,2174182,2173914,3251,2301,3251,2301,0,0,0,0,0.001996858,0.0,1628058,,4072,3804,4070,3802,2,2,0,0,0.005971332,2.93e-06,681590,682594,1,1,1,1,0,0,0,0,,,,,,,,,,,,
18-01-2021,,,134152,50528,132970,49367,1182,1161,0,0,0.0129119,0.000114777,131791,1182,132973,0.012797415,0.000114777,0.012912191,10298253,10298231,124476,48765,123297,47604,1179,1161,0,0,0.0125785926,0.0001202906,9802130,9801264,44928,15132,44893,15106,35,26,0,0,0.012610567,9.83e-06,3559951,3560529,28227,12638,28201,12616,26,22,0,0,0.017010268,1.57e-05,1657881,1656051,37621,14285,36516,13185,1105,1100,0,0,0.009912703,0.000299965,3683759,3683764,10048,5357,10038,5347,10,10,0,0,0.021700593,2.16e-05,462569,462963,3652,1353,3649,1350,3,3,0,0,0.008331621,6.85e-06,437970,437957,4125,1760,4125,1760,0,0,0,0,0.016245082,0.0,253924,,5535,1,5532,1,3,0,0,0,0.022840533,1.24e-05,242202,241936,16,2,16,2,0,0,0,0,19,15,19,15,0,0,0,0,1.12e-05,0.0,1696429,,4577,1450,4519,1394,58,56,0,0,0.005784875,7.42e-05,781176,781672,68115,17101,67327,16325,788,776,0,0,0.020208845,0.000236526,3331562,3331558,34108,11953,33801,11651,307,302,0,0,0.015546544,0.000141203,2174181,2174175,8793,5542,8766,5515,27,27,0,0,0.005384329,1.66e-05,1628059,1626507,18539,14467,18537,14467,2,0,0,0,0.027196702,2.93e-06,681590,682594,1,0,1,0,0,0,0,0,,,,,,,,,,,,
25-01-2021,,,288165,154013,254430,121460,33723,32541,12,12,0.024706135,0.003274633,220710,33723,254433,0.021431793,0.003274633,0.024706426,10298252,10298254,274947,150471,243651,120354,31292,30113,4,4,0.0248569444,0.0031923667,9802130,9802132,89554,44626,76826,31933,12727,12692,1,1,0.021580634,0.003575049,3559952,3559952,71275,43048,64951,36750,6321,6295,3,3,0.039177118,0.003812698,1657882,1657882,84505,46884,74355,37839,10150,9045,0,0,0.020184551,0.002755338,3683758,3683759,21623,11575,20478,10440,1145,1135,0,0,0.044270248,0.002475312,462568,462568,7990,4338,7041,3392,949,946,0,0,0.016076444,0.002166815,437970,437971,5744,1619,5206,1081,538,538,0,0,0.020502278,0.002118753,253924,253923,7457,1922,5557,25,1892,1889,8,8,0.022943753,0.007811694,242202,242201,17,1,16,0,1,1,0,0,88,69,88,69,0,0,0,0,5.17e-05,0.0,1702128,,9565,4988,8317,3798,1248,1190,0,0,0.010646782,0.001597593,781176,781176,127009,58894,104566,37239,22435,21647,8,8,0.031386488,0.006734081,3331562,3331561,69989,35881,61142,27341,8846,8539,1,1,0.028121854,0.004068658,2174181,2174182,23728,14935,22793,14027,934,907,1,1,0.014000115,0.00057369,1628059,1628057,57785,39246,57523,38986,260,258,2,2,0.084395311,0.000381461,681590,681590,1,0,1,0,0,0,0,0,,,,,,,,,,,,
01-02-2021,,,375067,86902,296523,42093,78480,44757,64,52,0.028793527,0.007620711,218046,78480,296526,0.021173108,0.007620711,0.028793819,10298253,10298252,356045,81098,285059,41408,70977,39685,9,5,0.0290813294,0.0072409765,9802131,9802131,119422,29868,91245,14419,28175,15448,2,1,0.025630971,0.007914435,3559951,3559951,84619,13344,69807,4856,14806,8485,6,3,0.042106158,0.008930677,1657882,1657882,113613,29108,92039,17684,21574,11424,0,0,0.024985083,0.005856519,3683759,3683759,27033,5410,22783,2305,4250,3105,0,0,0.049253299,0.009187838,462568,462569,11358,3368,9185,2144,2172,1223,1,1,0.020971756,0.004959244,437971,437970,7785,2041,5615,409,2170,1632,0,0,0.022113003,0.008545898,253923,253923,11207,3750,5832,275,5320,3428,55,47,0.024079174,0.021965227,242201,242202,30,13,17,1,13,12,0,0,105,17,102,14,3,3,0,0,5.99e-05,1.76e-06,1702839,1704546,12538,2973,9729,1412,2809,1561,0,0,0.012454316,0.003595865,781175,781176,168465,41456,120490,15924,47958,25523,17,9,0.03616623,0.014395054,3331561,3331561,93093,23104,72064,10922,21022,12176,7,6,0.033145355,0.009668928,2174181,2174182,32330,8602,29262,6469,3053,2119,15,14,0.017973561,0.00187524,1628059,1628059,68535,10750,64875,7352,3635,3375,25,23,0.095181854,0.005333118,681591,681591,1,0,1,0,0,0,0,0,,,,,,,,,,,,
08-02-2021,,,436047,60980,320119,23596,115863,37383,65,1,0.03108479,0.011250744,204261,115863,320124,0.019834531,0.011250744,0.031085275,10298252,10298253,411377,55332,304547,19488,106820,35843,10,1,0.0310694653,0.0108976325,9802132,9802129,137114,17692,96751,5506,40361,12186,2,0,0.027177621,0.011337516,3559952,3559951,96442,11823,72479,2672,23957,9151,6,0,0.043717854,0.014450374,1657882,1657881,131192,17579,100695,8656,30496,8922,1,1,0.027334858,0.008278503,3683758,3683758,32819,5786,24228,1445,8591,4341,0,0,0.052377164,0.018572404,462569,462569,13810,2452,10394,1209,3415,1243,1,0,0.023732219,0.007797338,437971,437970,11540,3755,7849,2234,3691,1521,0,0,0.030910945,0.014535903,253924,253923,13098,1891,7706,1874,5337,17,55,0,0.031816549,0.022035417,242202,242201,32,2,17,0,15,2,0,0,142,37,136,34,6,3,0,0,7.99e-05,3.53e-06,1702128,1699717,14438,1900,10696,967,3742,933,0,0,0.013692194,0.00479022,781176,781175,190825,22360,130381,9891,60427,12469,17,0,0.039135108,0.018137744,3331562,3331561,107776,14683,77560,5496,30208,9186,8,1,0.035673203,0.013893967,2174181,2174182,39177,6847,31948,2686,7214,4161,15,0,0.01962338,0.004431046,1628058,1628059,83688,15153,69397,4522,14266,10631,25,0,0.101816341,0.020930471,681591,681591,1,0,1,0,0,0,0,0,,,,,,,,,,,,
15-02-2021,,,575521,139474,360645,40526,214799,98936,77,12,0.035020021,0.020857812,145851,214799,360650,0.014162695,0.020857812,0.035020506,10298252,10298252,545543,134166,340854,36307,204667,97847,22,12,0.0347734661,0.0208798517,9802129,9802129,174499,37385,105508,8757,68983,28622,8,6,0.029637487,0.019377514,3559951,3559951,131058,34616,79971,7492,51077,27120,10,4,0.048236876,0.030808604,1657881,1657882,175950,44758,115027,14332,60922,30426,1,0,0.03122545,0.016538003,3683758,3683758,44937,12118,27565,3337,17371,8780,1,1,0.059591238,0.037553398,462569,462568,19099,5289,12783,2389,6314,2899,2,1,0.029186931,0.014416513,437970,437970,15791,4251,11012,3163,4779,1088,0,0,0.043367478,0.018820666,253923,253924,14155,1057,8762,1056,5338,1,55,0,0.036176564,0.022039546,242202,242201,32,0,17,0,15,0,0,0,245,103,172,36,73,67,0,0,0.000101076,4.29e-05,1701690,1701632,18919,4481,12144,1448,6775,3033,0,0,0.015545812,0.008672833,781176,781175,235231,44406,144099,13718,91110,30683,22,5,0.043252697,0.027347541,3331562,3331561,136784,29008,84385,6825,52389,22181,10,2,0.038812316,0.02409597,2174181,2174181,54313,15136,35616,3668,18679,11465,18,3,0.02187637,0.011473178,1628059,1628059,130028,46340,84228,14831,45773,31507,27,2,0.123575757,0.067156208,681590,681591,1,0,1,0,0,0,0,0,,,,,,,,,,,,
22-02-2021,651900,571981,728628,153107,463799,103154,264742,49943,87,10,0.045036672,0.02570747,199062,264742,463804,0.019329688,0.02570747,0.045037158,10298253,10298252,693114,147571,439435,98581,253648,48981,31,9,0.0448305532,0.0258768247,9802132,9802130,222461,47962,138408,32900,84042,15059,11,3,0.038879187,0.023607628,3559951,3559952,166515,35457,105453,25482,61048,9971,14,4,0.063607098,0.036822908,1657882,1657882,227941,51991,147989,32962,79949,19027,3,2,0.040173377,0.021703109,3683759,3683758,51800,6863,31621,4056,20178,2807,1,0,0.068359679,0.043621695,462569,462568,24397,5298,15964,3181,8431,2117,2,0,0.036449985,0.019250177,437971,437970,18927,3136,13509,2497,5418,639,0,0,0.053201167,0.021337177,253924,253924,16551,2396,10834,2072,5661,323,56,1,0.044731442,0.023373149,242202,242201,36,4,21,4,15,0,0,0,292,47,203,31,89,16,0,0,0.000119293,5.23e-05,1701693,1701721,22927,4008,14432,2288,8495,1720,0,0,0.018474734,0.010874644,781175,781175,276285,41054,166268,22169,109991,18881,26,4,0.049906936,0.033014854,3331561,3331561,174729,37945,109424,25039,65293,12904,12,2,0.050328836,0.030031078,2174182,2174182,66522,12209,40636,5020,25866,7187,20,2,0.024959799,0.01588764,1628058,1628059,187872,57844,132835,48607,55008,9235,29,2,0.19488989,0.080705409,681590,681591,1,0,1,0,0,0,0,0,,,,,,,,,,,,
01-03-2021,830730,718143,925510,196882,640184,176385,285225,20483,101,14,0.062164336,0.027696448,354964,285225,640189,0.034468374,0.027696448,0.062164822,10298253,10298252,882481,189367,612080,172645,270368,16720,33,2,0.0624435709,0.0275825708,9802130,9802132,291358,68897,203065,64657,88281,4239,12,1,0.057041515,0.024798375,3559952,3559952,207950,41435,143802,38349,64133,3085,15,1,0.086738433,0.038683717,1657881,1657882,283738,55797,197105,49116,86630,6681,3,0,0.053506501,0.023516746,3683758,3683758,65483,13683,43657,12036,21825,1647,1,0,0.094379637,0.047182252,462569,462569,33952,9555,24451,8487,9499,1068,2,0,0.055828025,0.0216887,437970,437971,23341,4414,15767,2258,7574,2156,0,0,0.062093627,0.02982794,253923,253923,19644,3093,12308,1474,7268,1607,68,12,0.050817296,0.030008134,242202,242201,44,8,29,8,15,0,0,0,345,53,224,21,121,32,0,0,0.000131634,7.11e-05,1701689,1701829,24885,1958,15698,1266,9186,691,1,1,0.020095369,0.011759209,781176,781175,294819,18534,177567,11299,117221,7230,31,5,0.053298439,0.035185008,3331561,3331561,229363,54634,159119,49695,70230,4937,14,2,0.073185719,0.032301818,2174182,2174182,80511,13989,52212,11576,28277,2411,22,2,0.032070111,0.017368546,1628058,1628058,295586,107714,235363,102528,60190,5182,33,4,0.345314632,0.08830822,681590,681591,1,0,1,0,0,0,0,0,,,,,,,,,,,,
08-03-2021,1002999,933847,1097241,171731,778602,138418,318527,33302,112,11,0.075605258,0.030930201,460091,318527,778618,0.044676611,0.030930201,0.075606812,10298253,10298252,1047725,165244,748291,136211,299398,29030,36,3,0.0763396089,0.0305441839,9802133,9802128,346139,54781,250870,47805,95257,6976,12,0,0.070470071,0.026757953,3559952,3559951,242277,34327,172234,28432,70027,5894,16,1,0.103888035,0.042238858,1657882,1657881,341417,57679,242006,44901,99407,12777,4,1,0.065695412,0.026985215,3683759,3683758,78755,13272,54099,10442,24654,2829,2,1,0.116953615,0.05329811,462569,462568,39137,5185,29082,4631,10053,554,2,0,0.066401808,0.022953627,437971,437970,27894,4553,17202,1435,10692,3118,0,0,0.067744946,0.042107253,253924,253923,21557,1913,13060,752,8421,1153,76,8,0.053922156,0.034768643,242201,242201,65,21,49,20,16,1,0,0,382,37,233,9,149,28,0,0,0.000136923,8.76e-05,1701687,1700914,26788,1903,16585,887,10201,1015,2,1,0.021230838,0.013058534,781176,781175,311971,17152,184854,7287,127082,9861,35,4,0.055485702,0.038144882,3331561,3331561,265265,35902,189087,29968,76161,5931,17,3,0.0869693,0.035029742,2174182,2174182,97352,16841,65316,13104,32012,3735,24,2,0.040118964,0.01966269,1628058,1628059,395482,99896,322526,87163,72922,12732,34,1,0.473196496,0.106988072,681591,681591,1,0,1,0,0,0,0,0,,,,,,,,,,,,
15-03-2021,1186389,1095103,1243483,146242,873207,94605,370153,51626,123,11,0.084791769,0.035943284,503078,370153,873231,0.048850815,0.035943284,0.084794099,10298252,10298253,1181975,134250,835363,87072,346574,47176,38,2,0.0852225909,0.0353570055,9802131,9802131,385467,39328,276210,25340,109245,13988,12,0,0.077588147,0.03068722,3559951,3559952,273326,31049,189801,17567,83509,13482,16,0,0.114484091,0.050370925,1657882,1657882,391170,49753,275260,33254,115904,16497,6,2,0.074722607,0.031463522,3683758,3683758,86239,7484,59912,5813,26325,1671,2,0,0.129520416,0.056910552,462569,462568,45773,6636,34180,5098,11591,1538,2,0,0.078041875,0.026465283,437971,437971,35194,7300,22103,4901,13091,2399,0,0,0.087046073,0.051554999,253924,253923,26243,4686,15688,2628,10470,2049,85,9,0.064772648,0.043228558,242201,242202,71,6,53,4,18,2,0,0,419,37,246,13,173,24,0,0,0.000144562,0.000101664,1701693,1701684,28733,1945,17895,1310,10835,634,3,1,0.022907799,0.013870132,781176,781175,333822,21851,200682,15828,133098,6016,42,7,0.060236628,0.039950642,3331561,3331561,291298,26033,210886,21799,80394,4233,18,1,0.096995604,0.036976682,2174182,2174182,116385,19033,80879,15563,35482,3470,24,0,0.049678206,0.021794064,1628058,1628058,472825,77343,362618,40092,110171,37249,36,2,0.532017782,0.161638228,681590,681591,1,0,1,0,0,0,0,0,,,,,,,,,,,,
22-03-2021,1468929,1264093,1434209,190726,954159,80952,479906,109753,144,21,0.09265252,0.046600724,474285,479906,954191,0.046054903,0.046600724,0.092655627,10298253,10298253,1363247,181272,910661,75298,452535,105961,51,13,0.0929044088,0.0461670113,9802129,9802129,454323,68856,302851,26641,151456,42211,16,4,0.085071677,0.042544406,3559951,3559951,314005,40679,206368,16567,107619,24110,18,2,0.124476968,0.064913585,1657881,1657882,445806,54636,300975,25715,144818,28914,13,7,0.08170325,0.039312572,3683758,3683758,97658,11419,63606,3694,34050,7725,2,0,0.137506269,0.073610799,462569,462568,51455,5682,36861,2681,14592,3001,2,0,0.084163299,0.033317351,437970,437970,40661,5467,25220,3117,15441,2350,0,0,0.099321448,0.060809773,253923,253924,30212,3969,18215,2527,11904,1434,93,8,0.07520613,0.04914926,242202,242202,89,18,63,10,26,8,0,0,444,25,248,2,196,23,0,0,0.000145738,0.00011518,1701684,1701685,29343,610,18131,236,11208,373,4,1,0.023209908,0.014347617,781176,781176,341053,7231,204890,4208,136117,3019,46,4,0.061499699,0.040856824,3331562,3331561,297717,6419,215042,4156,82653,2259,22,4,0.098907129,0.038015694,2174181,2174182,141148,24763,98885,18006,42235,6753,28,4,0.060738008,0.02594195,1628059,1628059,624503,151678,416962,54344,207497,97326,44,8,0.611748999,0.304430816,681590,681591,1,0,1,0,0,0,0,0,,,,,,,,,,,,
29-03-2021,1713540,1462079,1711532,277323,1210242,256083,501143,21237,147,3,0.117519167,0.048662919,709137,501143,1210280,0.068859939,0.048662919,0.117522857,10298253,10298252,1630224,266977,1157326,246665,472844,20309,54,3,0.1180688159,0.0482389081,9802131,9802129,545271,90948,391606,88755,153648,2192,17,1,0.110003199,0.043160145,3559952,3559951,366048,52043,254134,47766,111896,4277,18,0,0.153288445,0.067493385,1657881,1657881,542117,96311,389832,88857,152270,7452,15,2,0.105824541,0.041335506,3683759,3683758,111642,13984,75491,11885,36149,2099,2,0,0.163199789,0.07814851,462569,462569,65146,13691,46263,9402,18881,4289,2,0,0.105630523,0.043110259,437970,437970,46134,5473,30511,5291,15623,182,0,0,0.120158473,0.061526526,253924,253923,35053,4841,22329,4114,12631,727,93,0,0.092192022,0.052150899,242202,242202,121,32,76,13,45,19,0,0,477,33,273,25,204,8,0,0,0.000160429,0.000119881,1701688,1701688,32552,3209,21223,3092,11325,117,4,0,0.027168048,0.014497392,781176,781175,383996,42943,246590,41700,137359,1242,47,1,0.074016354,0.041229622,3331562,3331561,332719,35002,249162,34120,83535,882,22,0,0.114600394,0.038421364,2174182,2174182,195888,54740,151520,52635,44340,2105,28,0,0.093067937,0.027234902,1628059,1628058,765899,141396,541473,124511,224380,16883,46,2,0.794426268,0.329200839,681590,681591,1,0,1,0,0,0,0,0,,,,,,,,,,,,
05-04-2021,1883850,1753999,1932741,221209,1347330,137088,585256,84113,155,8,0.130830941,0.056830616,762127,585256,1347383,0.074005472,0.056830616,0.130836088,10298253,10298252,1846214,215990,1291221,133895,554931,82087,62,8,0.1317286141,0.0566133017,9802130,9802131,631687,86416,445498,53892,186171,32523,18,1,0.12514161,0.052295945,3559952,3559951,407024,40976,278445,24311,128559,16663,20,2,0.167952344,0.077544166,1657881,1657882,611173,69056,435160,45328,175993,23723,20,5,0.118129367,0.047775397,3683758,3683758,124061,12419,81641,6150,42418,6269,2,0,0.176495132,0.091701112,462568,462569,72269,7123,50477,4214,21790,2909,2,0,0.115252186,0.049752266,437971,437971,48607,2473,31721,1210,16886,1263,0,0,0.124923697,0.066500475,253924,253923,37781,2728,24295,1966,13393,762,93,0,0.100309247,0.055297047,242202,242201,139,18,93,17,46,1,0,0,500,23,283,10,217,13,0,0,0.000166306,0.000127521,1701683,1701681,33147,595,21745,522,11397,72,5,1,0.027836272,0.014589561,781176,781175,388996,5000,250795,4205,138153,794,48,1,0.075278526,0.041467949,3331561,3331561,340927,8208,256695,7533,84209,674,23,1,0.118065147,0.038731366,2174182,2174181,291208,95320,239600,88080,51578,7238,30,2,0.147169204,0.03168069,1628059,1628058,877962,112063,578211,36738,299702,75322,49,3,0.848326707,0.43971009,681590,681590,1,0,1,0,0,0,0,0,,,,,,,,,,,,
12-04-2021,2344530,1996561,2241492,308751,1603300,255970,638030,52774,162,7,0.155686616,0.061955175,965361,638030,1603391,0.093740277,0.061955175,0.155695452,10298252,10298252,2137175,290961,1533062,241841,604044,49113,69,7,0.1564009207,0.0616237428,9802129,9802131,727351,95664,527677,82179,199652,13481,22,4,0.148225917,0.056082794,3559951,3559952,466973,59949,328266,49821,138687,10128,20,0,0.198003355,0.083653169,1657881,1657882,717750,106577,522304,87144,195423,19430,23,3,0.141785644,0.053049902,3683758,3683758,142402,18341,95688,14047,46712,4294,2,0,0.206862559,0.100984072,462568,462568,82699,10430,59127,8650,23570,1780,2,0,0.135002397,0.053816471,437971,437971,60132,11525,41944,10223,18188,1302,0,0,0.165183934,0.071628013,253923,253924,44017,6236,28180,3885,15744,2351,93,0,0.116349643,0.06500386,242202,242202,168,29,114,21,54,8,0,0,522,22,303,20,219,2,0,0,0.000178059,0.000128696,1701684,1701685,33987,840,22473,728,11509,112,5,0,0.028768202,0.014732934,781175,781176,398586,9590,259456,8661,139081,928,49,1,0.077878208,0.041746497,3331561,3331561,356683,15756,271666,14971,84994,785,23,0,0.124950959,0.039092421,2174181,2174182,497609,206401,440817,201217,56762,5184,30,0,0.270762467,0.034864851,1628058,1628059,954104,76142,608584,30373,345465,45763,55,6,0.892888687,0.506851626,681590,681591,1,0,1,0,0,0,0,0,,,,,,,,,,,,
19-04-2021,2684460,2360167,2720264,478772,2028131,424831,691965,53935,168,6,0.196939345,0.067192471,1336261,691965,2028226,0.129756098,0.067192471,0.19694857,10298252,10298253,2599536,462361,1945201,412139,654261,50217,74,5,0.1984467459,0.0667468057,9802131,9802132,881990,154639,663280,135603,218685,19033,25,3,0.186317171,0.061429216,3559952,3559952,556549,89576,405893,77627,150635,11948,21,1,0.244826378,0.090859959,1657881,1657882,895253,177503,685676,163372,209553,14130,24,1,0.18613492,0.056885659,3683758,3683758,167251,24849,117581,21893,49668,2956,2,0,0.254191816,0.107374483,462569,462569,98493,15794,72771,13644,25720,2150,2,0,0.166155216,0.058725483,437971,437971,69873,9741,50381,8437,19492,1304,0,0,0.198410542,0.076763428,253923,253924,50655,6638,32416,4236,18146,2402,93,0,0.133839249,0.074921243,242202,242202,200,32,133,19,66,12,1,1,563,41,342,39,221,2,0,0,0.000200977,0.000129871,1701688,1701689,38291,4304,26715,4242,11571,62,5,0,0.034198483,0.014812302,781176,781175,487810,89224,348140,88684,139620,539,50,1,0.104497561,0.041908283,3331562,3331561,444814,88131,359368,87702,85423,429,23,0,0.165288906,0.039289737,2174182,2174182,734724,237115,674461,233644,60232,3470,31,1,0.414273324,0.036996225,1628059,1628058,1014061,59957,619104,10520,394898,49433,59,4,0.908323185,0.579377632,681591,681590,1,0,1,0,0,0,0,0,,,,,,,,,,,,
26-04-2021,2983590,2679813,3068742,348478,2238111,209980,830448,138483,183,15,0.217329213,0.080639705,1407761,830448,2238209,0.136699024,0.080639705,0.217338729,10298252,10298252,2926963,327427,2137336,192135,789538,135277,89,15,0.2180481181,0.0805475953,9802130,9802130,992984,110994,728009,64729,264950,46265,25,0,0.204499725,0.074425182,3559951,3559951,610653,54104,435881,29988,174745,24110,27,6,0.262914528,0.105402619,1657881,1657882,1027568,132315,764524,78848,263013,53460,31,7,0.207539149,0.071398013,3683758,3683758,184535,17284,128916,11335,55615,5947,4,2,0.278696321,0.120230971,462569,462569,111223,12730,80006,7235,31215,5495,2,0,0.182674612,0.071272005,437971,437970,81830,11957,60207,9826,21623,2131,0,0,0.237107312,0.085155736,253924,253924,59703,9048,40404,7988,19206,1060,93,0,0.16682012,0.079297773,242202,242202,246,46,164,31,81,15,1,0,592,29,365,23,227,6,0,0,0.000214493,0.000133397,1701688,1701688,39622,1331,27981,1266,11636,65,5,0,0.035819119,0.01489551,781175,781175,498879,11069,358633,10493,140195,575,51,1,0.107647136,0.042080874,3331561,3331562,460567,15753,373493,14125,87049,1626,25,2,0.171785606,0.040037605,2174181,2174181,923493,188769,850105,175644,73354,13122,34,3,0.522158916,0.045056134,1628058,1628059,1145588,131527,627533,8429,517987,123089,68,9,0.920689858,0.759968603,681590,681590,1,0,1,0,0,0,0,0,,,,,,,,,,,,
03-05-2021,3400260,3039329,3502954,434212,2582717,344606,920045,89597,192,9,0.250791785,0.089339919,1664084,920045,2584129,0.161588976,0.089339919,0.250928896,10298252,10298253,3339279,412316,2463835,326499,875347,85809,97,8,0.251357103,0.0893017039,9802130,9802131,1155611,162627,854067,126058,301518,36568,26,1,0.239909763,0.084697233,3559951,3559952,685198,74545,492557,56676,192613,17868,28,1,0.297100335,0.116180232,1657881,1657882,1160146,132578,871725,107201,288384,25371,37,6,0.236640138,0.078285273,3683758,3683758,207484,22949,149100,20184,58380,2765,4,0,0.322330987,0.126208471,462569,462568,130840,19617,96386,16380,34452,3237,2,0,0.220074434,0.078662922,437971,437971,91467,9637,69037,8830,22430,807,0,0,0.271881633,0.088333865,253924,253923,71924,12221,49664,9260,22166,2960,94,1,0.205052828,0.091519028,242202,242201,284,38,181,17,102,21,1,0,657,65,410,45,247,20,0,0,0.000240937,0.00014515,1701690,1701688,42303,2681,30553,2572,11745,109,5,0,0.039111595,0.015035043,781175,781176,509880,11001,368925,10292,140902,707,53,2,0.110736379,0.042293087,3331561,3331562,495982,35415,406100,32607,89857,2808,25,0,0.186782977,0.041329126,2174182,2174181,1262664,339171,1143056,292951,119572,46218,36,2,0.702097837,0.073444558,1628058,1628058,1191467,45879,633672,6139,557722,39735,73,5,0.929696739,0.818266113,681590,681591,1,0,1,0,0,0,0,0,,,,,,,,,,,,
10-05-2021,4128420,3581288,4090614,587660,2952328,369611,1138077,218032,209,17,0.286682439,0.110511667,1828031,1138077,2966108,0.177508863,0.110511667,0.28802053,10298252,10298253,3901425,562146,2816065,352230,1085246,209899,114,17,0.2872911003,0.1107153241,9802131,9802130,1383200,227589,1008789,154722,374382,72864,29,3,0.283371597,0.105164931,3559951,3559951,794244,109046,552551,59994,241662,49049,31,3,0.333287492,0.145765589,1657881,1657881,1332246,172100,979032,107307,353168,64784,46,9,0.265769901,0.095871661,3683759,3683759,235433,27949,162755,13655,72673,14293,5,1,0.351850971,0.157107712,462569,462568,156302,25462,112938,16552,43361,8909,3,1,0.257866977,0.099004498,437971,437971,104375,12908,76652,7615,27723,5293,0,0,0.30187104,0.109178767,253923,253923,84505,12581,59417,9753,24994,2828,94,0,0.245321035,0.10319528,242202,242201,309,25,194,13,114,12,1,0,766,109,510,100,255,8,1,1,0.000299703,0.000149851,1701685,1701691,44815,2512,32315,1762,12494,749,6,1,0.041367171,0.015993855,781176,781176,526962,17082,378425,9500,148481,7579,56,3,0.113587895,0.044567997,3331561,3331561,661301,165319,557074,150974,104201,14344,26,1,0.256222458,0.047926553,2174182,2174181,1628460,365796,1345239,202183,283178,163606,43,7,0.826284444,0.173936064,1628059,1628058,1228309,36842,638764,5092,589468,31746,77,4,0.937167505,0.864842501,681591,681590,1,0,1,0,0,0,0,0,,,,,,,,,,,,
17-05-2021,4655370,4171038,4682524,591910,3240505,288177,1441790,303713,229,20,0.314665537,0.140003371,1830258,1441790,3272048,0.177725113,0.140003371,0.317728484,10298253,10298253,4463502,562077,3083166,267101,1380203,294957,133,19,0.3145403469,0.140806437,9802132,9802130,1582926,199726,1108018,99229,474872,100490,36,7,0.311245295,0.133392847,3559952,3559952,900559,106315,603265,50714,297263,55601,31,0,0.363877142,0.179302978,1657881,1657881,1534658,202412,1069059,90027,465541,112373,58,12,0.290208803,0.126376651,3683759,3683759,268068,32635,180174,17419,87889,15216,5,0,0.389508137,0.190002335,462569,462568,177291,20989,122650,9712,54638,11277,3,0,0.280042012,0.124752837,437971,437970,122417,18042,88259,11607,34158,6435,0,0,0.347581747,0.134521095,253924,253923,96266,11761,68873,9456,27298,2304,95,1,0.284362988,0.11270804,242201,242202,339,30,207,13,131,17,1,0,939,173,651,141,287,32,1,0,0.000382562,0.000168656,1701685,1701689,52263,7448,34450,2135,17805,5311,8,2,0.044100234,0.022792588,781175,781176,650876,123914,402913,24488,247903,99422,60,4,0.120938203,0.074410464,3331561,3331562,936624,275323,723311,166237,213280,109079,33,7,0.332682054,0.098096709,2174181,2174181,1799785,171325,1436645,91406,363092,79914,48,5,0.882428636,0.223021539,1628058,1628058,1242036,13727,642534,3770,599423,9955,79,2,0.94269869,0.879448055,681590,681591,1,0,1,0,0,0,0,0,,,,,,,,,,,,
24-05-2021,5197920,4686071,5205349,522825,3544783,304278,1660316,218526,250,21,0.344212105,0.161223089,1939856,1660316,3600172,0.188367502,0.161223089,0.349590591,10298253,10298253,4959106,495604,3372928,289762,1586024,205821,154,21,0.344101502,0.1618040326,9802131,9802129,1763703,180777,1218195,110177,545465,70593,43,7,0.342194317,0.153222615,3559951,3559951,987048,86489,648138,44873,338875,41612,35,4,0.39094362,0.204402487,1657882,1657882,1714757,180099,1178578,109519,536114,70573,65,7,0.319939041,0.145534533,3683758,3683758,293447,25379,193373,13199,100068,12179,6,1,0.41804232,0.216331437,462569,462568,200151,22860,134644,11994,65502,10864,5,2,0.307427449,0.149558189,437971,437970,132373,9956,90600,2341,41773,7615,0,0,0.356801077,0.164510501,253924,253924,113511,17245,81039,12166,32377,5079,95,0,0.334593994,0.133678226,242202,242201,359,20,216,9,142,11,1,0,1244,305,935,284,308,21,1,0,0.000549455,0.000180997,1701687,1701686,56631,4368,36445,1995,20176,2371,10,2,0.046654079,0.025827759,781175,781176,703959,53083,434694,31781,269202,21299,63,3,0.130477575,0.080803563,3331561,3331562,1236054,299430,947639,224328,288377,75097,38,5,0.435860216,0.132637071,2174181,2174182,1952336,152551,1477800,41155,474478,111386,58,10,0.907707219,0.29143802,1628059,1628059,1255124,13088,647269,4735,607775,8352,80,1,0.949645681,0.891701756,681591,681591,1,0,1,0,0,0,0,0,,,,,,,,,,,,
31-05-2021,5728470,5126418,5763339,557990,3775605,230822,1987389,327073,345,95,0.366625812,0.192983139,1892840,1987389,3880229,0.183802067,0.192983139,0.376785206,10298252,10298253,5490780,531674,3594630,221702,1895901,309877,249,95,0.3667192369,0.1934172471,9802131,9802130,1964399,200696,1290697,72502,673640,128175,62,19,0.362560327,0.189227324,3559952,3559951,1067435,80387,672286,24148,395102,56227,47,12,0.405509201,0.238317467,1657882,1657881,1913353,198596,1288894,110316,624341,88227,118,53,0.349885633,0.169484803,3683759,3683759,319095,25648,200538,7165,118547,18479,10,4,0.433531935,0.256280158,462568,462568,226498,26347,142215,7571,84271,18769,12,7,0.324714022,0.192412722,437970,437971,144799,12426,94047,3447,50752,8979,0,0,0.370376059,0.199871615,253923,253923,127378,13867,86702,5663,40581,8204,95,0,0.357975401,0.167550918,242201,242202,382,23,226,10,155,13,1,0,1536,292,1191,256,344,36,1,0,0.000699894,0.000202152,1701687,1701690,61948,5317,38606,2161,23327,3151,15,5,0.049420424,0.029861427,781176,781175,747173,43214,460162,25468,286918,17716,93,30,0.138122039,0.086121191,3331562,3331561,1508822,272768,1122598,174959,386147,97770,77,39,0.516331437,0.177605728,2174181,2174182,2177975,225639,1501336,23536,676560,202082,79,21,0.922163707,0.415562591,1628058,1628058,1265884,10760,651711,4442,614093,6318,80,0,0.956162796,0.900971258,681590,681591,1,0,1,0,0,0,0,0,,,,,,,,,,,,
07-06-2021,6254220,5644760,6329000,565661,4004679,229074,2323920,336531,401,56,0.388869781,0.225661598,1841687,2323920,4165607,0.178834913,0.225661598,0.404496511,10298253,10298252,6022296,531516,3810640,216010,2211352,315451,304,55,0.3887562023,0.225599084,9802133,9802132,2190499,226100,1345060,54363,845343,171703,96,34,0.377831043,0.237459167,3559952,3559952,1149333,81898,716550,44264,432733,37631,50,3,0.432208343,0.261015718,1657882,1657882,2091360,178007,1380755,91861,710469,86128,136,18,0.374822396,0.192865275,3683759,3683759,343733,24638,217916,17378,125807,7260,10,0,0.471100465,0.271975147,462569,462569,247371,20873,150359,8144,97000,12729,12,0,0.343308902,0.221476357,437971,437970,163302,18503,101612,7565,61690,10938,0,0,0.400168555,0.242947665,253924,253924,142995,15617,92192,5490,50707,10126,96,1,0.380642524,0.209359169,242202,242201,407,25,235,9,171,16,1,0,1888,352,1447,256,440,96,1,0,0.000850333,0.000258567,1701687,1701687,66631,4683,40785,2179,25829,2502,17,2,0.052209812,0.033064294,781176,781176,811783,64610,501782,41620,309897,22979,104,11,0.150614682,0.093018558,3331561,3331561,1840106,331284,1285985,163387,554029,167882,92,15,0.591480194,0.254821931,2174182,2174181,2333671,155696,1519923,18587,813645,137085,103,24,0.933580376,0.499764136,1628059,1628059,1274920,9036,654756,3045,620080,5987,84,4,0.960630291,0.909755131,681590,681591,1,0,1,0,0,0,0,0,,,,,,,,,,,,
14-06-2021,7263540,6299315,6935378,606378,4362559,357880,2572392,248472,427,26,0.42362131,0.249789188,1979033,2572392,4551425,0.192171739,0.249789188,0.441960927,10298252,10298252,6589847,567551,4156993,346353,2432527,221175,327,23,0.4240906546,0.2481631033,9802133,9802130,2401961,211462,1450839,105779,951014,105671,108,12,0.407544654,0.267142441,3559952,3559952,1248250,98917,774774,58224,473424,40691,52,2,0.467327872,0.285559699,1657882,1657882,2296181,204821,1532281,151526,763755,53286,145,9,0.415955934,0.207330395,3683759,3683758,372732,28999,231688,13772,141034,15227,10,0,0.500873385,0.304893551,462569,462568,270723,23352,167411,17052,103300,6300,12,0,0.382243076,0.235860904,437971,437970,182202,18900,105213,3601,76989,15299,0,0,0.414350019,0.303198214,253924,253923,162893,19898,100098,7906,62696,11989,99,3,0.413284834,0.258859377,242201,242202,436,29,255,20,180,9,1,0,2405,517,1826,379,578,138,1,0,0.001073053,0.000339663,1701687,1701687,72062,5431,43452,2667,28593,2764,17,0,0.0556239,0.036602554,781175,781175,969679,157896,628567,126785,341000,31103,112,8,0.188670416,0.102354422,3331562,3331561,2187747,347641,1495264,209279,692378,138349,105,13,0.68773667,0.318454627,2174181,2174182,2421017,87346,1535943,16020,884967,71322,107,4,0.94342032,0.543572158,1628059,1628058,1282466,7546,657505,2749,624876,4796,85,1,0.964663507,0.91679162,681591,681590,1,0,1,0,0,0,0,0,1,1,1,1,0,0,0,0,,,,
21-06-2021,7880400,6896272,7660702,725324,4702440,339881,2957798,385406,464,37,0.456625066,0.287213597,1968424,2957798,4926222,0.191141565,0.287213597,0.478355162,10298253,10298253,7286552,696705,4484068,327075,2802123,369596,361,34,0.4574584853,0.2858688148,9802131,9802129,2656378,254417,1554238,103399,1102020,151006,120,12,0.436589717,0.309560441,3559952,3559951,1365556,117306,826483,51709,539011,65587,62,10,0.498517686,0.32512044,1657882,1657881,2563188,267007,1678790,146509,884243,120488,155,10,0.455727548,0.240038298,3683758,3683758,402068,29336,241861,10173,160196,19162,11,1,0.522865827,0.346318812,462569,462568,299362,28639,182696,15285,116653,13353,13,1,0.417142727,0.266349293,437970,437971,193802,11600,108714,3501,85088,8099,0,0,0.428137664,0.33509371,253923,253923,179889,16996,109392,9294,70396,7700,101,2,0.45165792,0.290651153,242202,242202,459,23,266,11,191,11,2,1,3249,844,2371,545,877,299,1,0,0.001393323,0.000515371,1701688,1701687,79090,7028,46110,2658,32960,4367,20,3,0.059026467,0.042192851,781175,781175,1291367,321688,866287,237720,424956,83956,124,12,0.260024355,0.127554621,3331561,3331561,2503139,315392,1580817,85553,922199,229821,123,18,0.727086199,0.424159258,2174182,2174182,2494054,73037,1546737,10794,947206,62239,111,4,0.950050305,0.58180114,1628059,1628058,1289801,7335,660116,2611,629600,4724,85,0,0.968494256,0.923722472,681591,681591,1,0,1,0,0,0,0,0,1,0,1,0,0,0,0,0,,,,
28-06-2021,8604606,7566600,8374703,714001,5074767,372327,3299428,341630,508,44,0.492779454,0.320387188,2042067,3299428,5341495,0.198292584,0.320387188,0.518679772,10298253,10298253,7967231,680679,4836929,352861,3129902,327779,400,39,0.493456882,0.3193083218,9802131,9802131,2904909,248531,1698744,144506,1206037,104017,128,8,0.477181849,0.338779101,3559951,3559952,1472487,106931,885804,59321,586618,47607,65,3,0.534298903,0.353836011,1657882,1657882,2835212,272024,1798069,119279,1036963,152720,180,25,0.488107254,0.281495961,3683758,3683759,425852,23784,252304,10443,173535,13339,13,2,0.545441967,0.375155653,462569,462568,328771,29409,202008,19312,126749,10096,14,1,0.461237071,0.289401101,437971,437970,210043,16241,121260,12546,88783,3695,0,0,0.477546343,0.349645365,253923,253923,196929,17040,116296,6904,80530,10134,103,2,0.48016317,0.332492434,242202,242201,500,41,282,16,213,22,5,3,3878,629,2740,369,1136,259,2,1,0.001610167,0.000667573,1701687,1701687,84074,4984,48456,2346,35597,2637,21,1,0.062029635,0.045568535,781175,781175,1615682,324315,1136292,270005,479250,54294,140,16,0.341068946,0.143851486,3331562,3331561,2772076,268937,1666800,85983,1105137,182938,139,16,0.766633505,0.508300367,2174181,2174181,2601073,107019,1556988,10251,1043967,96761,118,7,0.956346764,0.641234526,1628059,1628059,1297918,8117,663489,3373,634341,4741,88,3,0.973442979,0.930678267,681590,681590,1,0,1,0,0,0,0,0,1,0,1,0,0,0,0,0,,,,
05-07-2021,9519240,8357319,9184875,810172,5459746,384979,3724576,425148,553,45,0.5301624,0.361670699,2024638,3724576,5749214,0.196600161,0.361670699,0.55827086,10298253,10298253,8736024,768793,5205304,368375,3530282,400380,438,38,0.5310380499,0.3601545052,9802130,9802132,3181487,276578,1860284,161540,1321063,115026,140,12,0.522558878,0.37109022,3559951,3559952,1598938,126451,935442,49638,663428,76810,68,3,0.564239532,0.400166236,1657882,1657882,3130070,294858,1927711,129642,1202164,165201,195,15,0.523300119,0.326341741,3683759,3683759,463247,37395,262650,10346,200583,27048,14,1,0.567808409,0.433629218,462568,462568,362282,33511,219217,17209,143044,16295,21,7,0.500529717,0.326606845,437970,437971,232254,22211,131189,9929,101065,12282,0,0,0.516648748,0.398014359,253923,253923,216066,19137,122964,6668,92992,12462,110,7,0.507694023,0.383945566,242201,242201,531,31,289,7,237,24,5,0,4310,432,2909,169,1399,263,2,0,0.00170948,0.000822125,1701688,1701688,88243,4169,50095,1639,38127,2530,21,0,0.064127756,0.048807245,781176,781176,1985503,369821,1448373,312081,536974,57724,156,16,0.434743053,0.161177898,3331561,3331562,3008706,236630,1725697,58897,1282855,177718,154,15,0.793722786,0.590040572,2174181,2174181,2791636,190563,1565980,8992,1225525,181558,131,13,0.961869909,0.752752666,1628058,1628059,1306474,8556,666689,3200,639696,5355,89,1,0.978137883,0.938534896,681591,681591,2,1,2,1,0,0,0,0,1,0,1,0,0,0,0,0,,,,
12-07-2021,11510810,10694447,10225568,1040693,5887470,427724,4337479,612903,619,66,0.571696051,0.421185945,1876319,4337479,6213798,0.182197814,0.421185945,0.603383759,10298252,10298252,9736626,1000602,5615777,410473,4120356,590074,493,55,0.5729139483,0.4203530844,9802130,9802131,3511166,329679,2034122,173838,1476885,155822,159,19,0.571390449,0.414861047,3559951,3559952,1762630,163692,994601,59159,767948,104520,81,13,0.599923034,0.463210568,1657882,1657882,3543810,413740,2070808,143097,1472787,270623,215,20,0.562145505,0.399805579,3683758,3683758,505975,42728,277885,15235,228074,27491,16,2,0.600744107,0.49306048,462568,462568,413045,50763,238361,19144,174662,31618,22,1,0.544240473,0.398799004,437971,437971,251573,19319,143625,12436,107948,6883,0,0,0.565624225,0.425121001,253923,253924,236803,20737,127774,4810,108908,15916,121,11,0.527553561,0.44965958,242201,242202,566,35,294,5,267,30,5,0,5122,812,3083,174,2037,638,2,0,0.001811732,0.001197047,1701687,1701688,103355,15112,60840,10745,42491,4364,24,3,0.077882677,0.054393702,781175,781175,2495303,509800,1813546,365173,681588,144614,169,13,0.544353233,0.204585178,3331561,3331561,3305506,296800,1766739,41042,1538586,255731,181,27,0.812599779,0.707662334,2174181,2174181,3002152,210516,1574044,8064,1427955,202430,153,22,0.966823049,0.877090988,1628059,1628059,1314126,7652,669215,2526,644821,5125,90,1,0.981843924,0.946054079,681590,681591,3,1,2,0,1,1,0,0,1,0,1,0,0,0,0,0,,,,
