data,doses,doses_novas,doses1,doses1_novas,doses2,doses2_novas,pessoas_vacinadas_completamente,pessoas_vacinadas_completamente_novas,pessoas_vacinadas_parcialmente,pessoas_vacinadas_parcialmente_novas,pessoas_inoculadas,pessoas_inoculadas_novas,vacinas,vacinas_novas,doses_diff,doses1_diff,doses2_diff,pessoas_vacinadas_completamente_1,pessoas_vacinadas_parcialmente_1,pessoas_inoculadas_1,vacinas_1,pessoas_vacinadas_completamente_2,pessoas_vacinadas_parcialmente_2,pessoas_inoculadas_2,vacinas_2
27-12-2020,4963.0,4963.0,4963.0,4963.0,0.0,0.0,0.0,0.0,4963.0,4963.0,4963.0,4963.0,4963.0,4963.0,0.0,0.0,0.0,0.0,4963.0,4963.0,4963.0,0.0,4963.0,4963.0,4963.0
28-12-2020,7754.0,2791.0,7754.0,2791.0,0.0,0.0,0.0,0.0,7754.0,2791.0,7754.0,2791.0,7754.0,2791.0,0.0,0.0,0.0,0.0,7754.0,7754.0,7754.0,0.0,7754.0,7754.0,7754.0
29-12-2020,20368.0,12614.0,20368.0,12614.0,0.0,0.0,0.0,0.0,20368.0,12614.0,20368.0,12614.0,20368.0,12614.0,0.0,0.0,0.0,0.0,20368.0,20368.0,20368.0,0.0,20368.0,20368.0,20368.0
30-12-2020,30543.0,10175.0,30543.0,10175.0,0.0,0.0,0.0,0.0,30543.0,10175.0,30543.0,10175.0,30543.0,10175.0,0.0,0.0,0.0,0.0,30543.0,30543.0,30543.0,0.0,30543.0,30543.0,30543.0
31-12-2020,32749.0,2206.0,32749.0,2206.0,0.0,0.0,0.0,0.0,32749.0,2206.0,32749.0,2206.0,32749.0,2206.0,0.0,0.0,0.0,0.0,32749.0,32749.0,32749.0,0.0,32749.0,32749.0,32749.0
01-01-2021,32749.0,0.0,32749.0,0.0,0.0,0.0,0.0,0.0,32749.0,0.0,32749.0,0.0,32749.0,0.0,0.0,0.0,0.0,0.0,32749.0,32749.0,32749.0,0.0,32749.0,32749.0,32749.0
02-01-2021,32750.0,1.0,32750.0,1.0,0.0,0.0,0.0,0.0,32750.0,1.0,32750.0,1.0,32750.0,1.0,0.0,0.0,0.0,0.0,32750.0,32750.0,32750.0,0.0,32750.0,32750.0,32750.0
03-01-2021,32750.0,0.0,32750.0,0.0,0.0,0.0,0.0,0.0,32750.0,0.0,32750.0,0.0,32750.0,0.0,0.0,0.0,0.0,0.0,32750.0,32750.0,32750.0,0.0,32750.0,32750.0,32750.0
04-01-2021,33670.0,920.0,33670.0,920.0,0.0,0.0,0.0,0.0,33670.0,920.0,33670.0,920.0,33670.0,920.0,0.0,0.0,0.0,0.0,33670.0,33670.0,33670.0,0.0,33670.0,33670.0,33670.0
05-01-2021,46433.0,12763.0,46433.0,12763.0,0.0,0.0,0.0,0.0,46433.0,12763.0,46433.0,12763.0,46433.0,12763.0,0.0,0.0,0.0,0.0,46433.0,46433.0,46433.0,0.0,46433.0,46433.0,46433.0
06-01-2021,61454.0,15021.0,61454.0,15021.0,0.0,0.0,0.0,0.0,61454.0,15021.0,61454.0,15021.0,61454.0,15021.0,0.0,0.0,0.0,0.0,61454.0,61454.0,61454.0,0.0,61454.0,61454.0,61454.0
07-01-2021,71751.0,10297.0,71751.0,10297.0,0.0,0.0,0.0,0.0,71751.0,10297.0,71751.0,10297.0,71751.0,10297.0,0.0,0.0,0.0,0.0,71751.0,71751.0,71751.0,0.0,71751.0,71751.0,71751.0
08-01-2021,74254.0,2503.0,74254.0,2503.0,0.0,0.0,0.0,0.0,74254.0,2503.0,74254.0,2503.0,74254.0,2503.0,0.0,0.0,0.0,0.0,74254.0,74254.0,74254.0,0.0,74254.0,74254.0,74254.0
09-01-2021,74352.0,98.0,74352.0,98.0,0.0,0.0,0.0,0.0,74352.0,98.0,74352.0,98.0,74352.0,98.0,0.0,0.0,0.0,0.0,74352.0,74352.0,74352.0,0.0,74352.0,74352.0,74352.0
10-01-2021,74392.0,40.0,74392.0,40.0,0.0,0.0,0.0,0.0,74392.0,40.0,74392.0,40.0,74392.0,40.0,0.0,0.0,0.0,0.0,74392.0,74392.0,74392.0,0.0,74392.0,74392.0,74392.0
11-01-2021,75280.0,888.0,75280.0,888.0,0.0,0.0,18.0,18.0,83513.0,9121.0,83531.0,9139.0,83548.0,9156.0,8268.0,8251.0,18.0,0.0,75280.0,75280.0,75280.0,18.0,83513.0,83531.0,83548.0
12-01-2021,86162.0,10882.0,86162.0,10882.0,0.0,0.0,18.0,0.0,94395.0,10882.0,94413.0,10882.0,94430.0,10882.0,8268.0,8251.0,18.0,0.0,86162.0,86162.0,86162.0,18.0,94395.0,94413.0,94430.0
13-01-2021,99961.0,13799.0,99961.0,13799.0,0.0,0.0,18.0,0.0,108194.0,13799.0,108212.0,13799.0,108229.0,13799.0,8268.0,8251.0,18.0,0.0,99961.0,99961.0,99961.0,18.0,108194.0,108212.0,108229.0
14-01-2021,111111.0,11150.0,111111.0,11150.0,0.0,0.0,18.0,0.0,119344.0,11150.0,119362.0,11150.0,119379.0,11150.0,8268.0,8251.0,18.0,0.0,111111.0,111111.0,111111.0,18.0,119344.0,119362.0,119379.0
15-01-2021,118597.0,7486.0,118597.0,7486.0,0.0,0.0,18.0,0.0,126830.0,7486.0,126848.0,7486.0,126865.0,7486.0,8268.0,8251.0,18.0,0.0,118597.0,118597.0,118597.0,18.0,126830.0,126848.0,126865.0
16-01-2021,120132.0,1535.0,120132.0,1535.0,0.0,0.0,18.0,0.0,128365.0,1535.0,128383.0,1535.0,128400.0,1535.0,8268.0,8251.0,18.0,0.0,120132.0,120132.0,120132.0,18.0,128365.0,128383.0,128400.0
17-01-2021,121300.0,1168.0,120139.0,7.0,1161.0,1161.0,1179.0,1161.0,127211.0,-1154.0,128390.0,7.0,129568.0,1168.0,8268.0,8251.0,18.0,1161.0,118978.0,120139.0,121300.0,1179.0,127211.0,128390.0,129568.0
18-01-2021,124704.0,3404.0,122879.0,2740.0,1825.0,664.0,1177.0,-2.0,131704.0,4493.0,132881.0,4491.0,134057.0,4489.0,9353.0,10002.0,-648.0,1825.0,121054.0,122879.0,124704.0,1177.0,131704.0,132881.0,134057.0
19-01-2021,148434.0,23730.0,138991.0,16112.0,9443.0,7618.0,8795.0,7618.0,140198.0,8494.0,148993.0,16112.0,157787.0,23730.0,9353.0,10002.0,-648.0,9443.0,129548.0,138991.0,148434.0,8795.0,140198.0,148993.0,157787.0
20-01-2021,177367.0,28933.0,158749.0,19758.0,18618.0,9175.0,17970.0,9175.0,150781.0,10583.0,168751.0,19758.0,186720.0,28933.0,9353.0,10002.0,-648.0,18618.0,140131.0,158749.0,177367.0,17970.0,150781.0,168751.0,186720.0
21-01-2021,210471.0,33104.0,186879.0,28130.0,23592.0,4974.0,22944.0,4974.0,173937.0,23156.0,196881.0,28130.0,219824.0,33104.0,9353.0,10002.0,-648.0,23592.0,163287.0,186879.0,210471.0,22944.0,173937.0,196881.0,219824.0
22-01-2021,236730.0,26259.0,210734.0,23855.0,25996.0,2404.0,25348.0,2404.0,195388.0,21451.0,220736.0,23855.0,246083.0,26259.0,9353.0,10002.0,-648.0,25996.0,184738.0,210734.0,236730.0,25348.0,195388.0,220736.0,246083.0
23-01-2021,251524.0,14794.0,221488.0,10754.0,30036.0,4040.0,29388.0,4040.0,202102.0,6714.0,231490.0,10754.0,260877.0,14794.0,9353.0,10002.0,-648.0,30036.0,191452.0,221488.0,251524.0,29388.0,202102.0,231490.0,260877.0
24-01-2021,255699.0,4175.0,225146.0,3658.0,30553.0,517.0,29905.0,517.0,205243.0,3141.0,235148.0,3658.0,265052.0,4175.0,9353.0,10002.0,-648.0,30553.0,194593.0,225146.0,255699.0,29905.0,205243.0,235148.0,265052.0
25-01-2021,,,,,,,,,,,,,,,9353.0,10002.0,-648.0,,,,,,,,
26-01-2021,263499.0,,,,,,,,,,,,272852.0,,9353.0,10002.0,-648.0,,,,263499.0,,,,272852.0
27-01-2021,278413.0,14914.0,,,,,,,,,,,287766.0,14914.0,9353.0,10002.0,-648.0,,,,278413.0,,,,287766.0
28-01-2021,296004.0,17591.0,,,,,,,,,,,305357.0,17591.0,9353.0,10002.0,-648.0,,,,296004.0,,,,305357.0
29-01-2021,315737.0,19733.0,,,,,,,,,,,325090.0,19733.0,9353.0,10002.0,-648.0,,,,315737.0,,,,325090.0
30-01-2021,330233.0,14496.0,264772.0,,65461.0,,64813.0,,209961.0,,274774.0,,339586.0,14496.0,9353.0,10002.0,-648.0,65461.0,199311.0,264772.0,330233.0,64813.0,209961.0,274774.0,339586.0
31-01-2021,336771.0,6538.0,268386.0,3614.0,68385.0,2924.0,67737.0,2924.0,210651.0,690.0,278388.0,3614.0,346124.0,6538.0,9353.0,10002.0,-648.0,68385.0,200001.0,268386.0,336771.0,67737.0,210651.0,278388.0,346124.0
01-02-2021,338566.0,1795.0,269814.0,1428.0,68752.0,367.0,78409.0,10672.0,217990.0,7339.0,296399.0,18011.0,374869.0,28745.0,36303.0,26585.0,9657.0,68752.0,201062.0,269814.0,338566.0,78409.0,217990.0,296399.0,374869.0
02-02-2021,342119.0,3553.0,271424.0,1610.0,70695.0,1943.0,80352.0,1943.0,217657.0,-333.0,298009.0,1610.0,378422.0,3553.0,36303.0,26585.0,9657.0,70695.0,200729.0,271424.0,342119.0,80352.0,217657.0,298009.0,378422.0
03-02-2021,350945.0,8826.0,275093.0,3669.0,75852.0,5157.0,85509.0,5157.0,216169.0,-1488.0,301678.0,3669.0,387248.0,8826.0,36303.0,26585.0,9657.0,75852.0,199241.0,275093.0,350945.0,85509.0,216169.0,301678.0,387248.0
04-02-2021,364211.0,13266.0,279236.0,4143.0,84975.0,9123.0,94632.0,9123.0,211189.0,-4980.0,305821.0,4143.0,400514.0,13266.0,36303.0,26585.0,9657.0,84975.0,194261.0,279236.0,364211.0,94632.0,211189.0,305821.0,400514.0
05-02-2021,379378.0,15167.0,284462.0,5226.0,94916.0,9941.0,104573.0,9941.0,206474.0,-4715.0,311047.0,5226.0,415681.0,15167.0,36303.0,26585.0,9657.0,94916.0,189546.0,284462.0,379378.0,104573.0,206474.0,311047.0,415681.0
06-02-2021,394088.0,14710.0,290302.0,5840.0,103786.0,8870.0,113443.0,8870.0,203444.0,-3030.0,316887.0,5840.0,430391.0,14710.0,36303.0,26585.0,9657.0,103786.0,186516.0,290302.0,394088.0,113443.0,203444.0,316887.0,430391.0
07-02-2021,395904.0,1816.0,291378.0,1076.0,104526.0,740.0,114183.0,740.0,203780.0,336.0,317963.0,1076.0,432207.0,1816.0,36303.0,26585.0,9657.0,104526.0,186852.0,291378.0,395904.0,114183.0,203780.0,317963.0,432207.0
08-02-2021,396371.0,467.0,291758.0,380.0,104613.0,87.0,115783.0,1600.0,204195.0,415.0,319978.0,2015.0,435821.0,3614.0,39450.0,28220.0,11170.0,104613.0,187145.0,291758.0,396371.0,115783.0,204195.0,319978.0,435821.0
09-02-2021,400190.0,3819.0,294135.0,2377.0,106055.0,1442.0,117225.0,1442.0,205130.0,935.0,322355.0,2377.0,439640.0,3819.0,39450.0,28220.0,11170.0,106055.0,188080.0,294135.0,400190.0,117225.0,205130.0,322355.0,439640.0
10-02-2021,415283.0,15093.0,298724.0,4589.0,116559.0,10504.0,127729.0,10504.0,199215.0,-5915.0,326944.0,4589.0,454733.0,15093.0,39450.0,28220.0,11170.0,116559.0,182165.0,298724.0,415283.0,127729.0,199215.0,326944.0,454733.0
11-02-2021,436220.0,20937.0,303142.0,4418.0,133078.0,16519.0,144248.0,16519.0,187114.0,-12101.0,331362.0,4418.0,475670.0,20937.0,39450.0,28220.0,11170.0,133078.0,170064.0,303142.0,436220.0,144248.0,187114.0,331362.0,475670.0
12-02-2021,468319.0,32099.0,310715.0,7573.0,157604.0,24526.0,168774.0,24526.0,170161.0,-16953.0,338935.0,7573.0,507769.0,32099.0,39450.0,28220.0,11170.0,157604.0,153111.0,310715.0,468319.0,168774.0,170161.0,338935.0,507769.0
13-02-2021,505371.0,37052.0,320677.0,9962.0,184694.0,27090.0,195864.0,27090.0,153033.0,-17128.0,348897.0,9962.0,544821.0,37052.0,39450.0,28220.0,11170.0,184694.0,135983.0,320677.0,505371.0,195864.0,153033.0,348897.0,544821.0
14-02-2021,523349.0,17978.0,328819.0,8142.0,194530.0,9836.0,205700.0,9836.0,151339.0,-1694.0,357039.0,8142.0,562799.0,17978.0,39450.0,28220.0,11170.0,194530.0,134289.0,328819.0,523349.0,205700.0,151339.0,357039.0,562799.0
15-02-2021,529021.0,5672.0,331321.0,2502.0,197700.0,3170.0,214695.0,8995.0,145857.0,-5482.0,360552.0,3513.0,575319.0,12520.0,46298.0,29231.0,16995.0,197700.0,133621.0,331321.0,529021.0,214695.0,145857.0,360552.0,575319.0
16-02-2021,539786.0,10765.0,336500.0,5179.0,203286.0,5586.0,220281.0,5586.0,145450.0,-407.0,365731.0,5179.0,586084.0,10765.0,46298.0,29231.0,16995.0,203286.0,133214.0,336500.0,539786.0,220281.0,145450.0,365731.0,586084.0
17-02-2021,556331.0,16545.0,347013.0,10513.0,209318.0,6032.0,226313.0,6032.0,149931.0,4481.0,376244.0,10513.0,602629.0,16545.0,46298.0,29231.0,16995.0,209318.0,137695.0,347013.0,556331.0,226313.0,149931.0,376244.0,602629.0
18-02-2021,578702.0,22371.0,361431.0,14418.0,217271.0,7953.0,234266.0,7953.0,156396.0,6465.0,390662.0,14418.0,625000.0,22371.0,46298.0,29231.0,16995.0,217271.0,144160.0,361431.0,578702.0,234266.0,156396.0,390662.0,625000.0
19-02-2021,618636.0,39934.0,388661.0,27230.0,229975.0,12704.0,246970.0,12704.0,170922.0,14526.0,417892.0,27230.0,664934.0,39934.0,46298.0,29231.0,16995.0,229975.0,158686.0,388661.0,618636.0,246970.0,170922.0,417892.0,664934.0
20-02-2021,656411.0,37775.0,413482.0,24821.0,242929.0,12954.0,259924.0,12954.0,182789.0,11867.0,442713.0,24821.0,702709.0,37775.0,46298.0,29231.0,16995.0,242929.0,170553.0,413482.0,656411.0,259924.0,182789.0,442713.0,702709.0
21-02-2021,675453.0,19042.0,429020.0,15538.0,246433.0,3504.0,263428.0,3504.0,194823.0,12034.0,458251.0,15538.0,721751.0,19042.0,46298.0,29231.0,16995.0,246433.0,182587.0,429020.0,675453.0,263428.0,194823.0,458251.0,721751.0
22-02-2021,680257.0,4804.0,432414.0,3394.0,247843.0,1410.0,264625.0,1197.0,199103.0,4280.0,463728.0,5477.0,728435.0,6684.0,48178.0,31314.0,16782.0,247843.0,184571.0,432414.0,680257.0,264625.0,199103.0,463728.0,728435.0
23-02-2021,694297.0,14040.0,444730.0,12316.0,249567.0,1724.0,266349.0,1724.0,209695.0,10592.0,476044.0,12316.0,742475.0,14040.0,48178.0,31314.0,16782.0,249567.0,195163.0,444730.0,694297.0,266349.0,209695.0,476044.0,742475.0
24-02-2021,720717.0,26420.0,468929.0,24199.0,251788.0,2221.0,268570.0,2221.0,231673.0,21978.0,500243.0,24199.0,768895.0,26420.0,48178.0,31314.0,16782.0,251788.0,217141.0,468929.0,720717.0,268570.0,231673.0,500243.0,768895.0
25-02-2021,752317.0,31600.0,497040.0,28111.0,255277.0,3489.0,272059.0,3489.0,256295.0,24622.0,528354.0,28111.0,800495.0,31600.0,48178.0,31314.0,16782.0,255277.0,241763.0,497040.0,752317.0,272059.0,256295.0,528354.0,800495.0
26-02-2021,797005.0,44688.0,538636.0,41596.0,258369.0,3092.0,275151.0,3092.0,294799.0,38504.0,569950.0,41596.0,845183.0,44688.0,48178.0,31314.0,16782.0,258369.0,280267.0,538636.0,797005.0,275151.0,294799.0,569950.0,845183.0
27-02-2021,837887.0,40882.0,574062.0,35426.0,263825.0,5456.0,280607.0,5456.0,324769.0,29970.0,605376.0,35426.0,886065.0,40882.0,48178.0,31314.0,16782.0,263825.0,310237.0,574062.0,837887.0,280607.0,324769.0,605376.0,886065.0
28-02-2021,861922.0,24035.0,596812.0,22750.0,265110.0,1285.0,281892.0,1285.0,346234.0,21465.0,628126.0,22750.0,910100.0,24035.0,48178.0,31314.0,16782.0,265110.0,331702.0,596812.0,861922.0,281892.0,346234.0,628126.0,910100.0
01-03-2021,868951.0,7029.0,603585.0,6773.0,265366.0,256.0,285098.0,3206.0,355026.0,8792.0,640124.0,11998.0,925318.0,15218.0,56367.0,36539.0,19732.0,265366.0,338219.0,603585.0,868951.0,285098.0,355026.0,640124.0,925318.0
02-03-2021,885109.0,16158.0,618393.0,14808.0,266716.0,1350.0,286448.0,1350.0,368484.0,13458.0,654932.0,14808.0,941476.0,16158.0,56367.0,36539.0,19732.0,266716.0,351677.0,618393.0,885109.0,286448.0,368484.0,654932.0,941476.0
03-03-2021,900831.0,15722.0,632450.0,14057.0,268381.0,1665.0,288113.0,1665.0,380876.0,12392.0,668989.0,14057.0,957198.0,15722.0,56367.0,36539.0,19732.0,268381.0,364069.0,632450.0,900831.0,288113.0,380876.0,668989.0,957198.0
04-03-2021,929133.0,28302.0,655719.0,23269.0,273414.0,5033.0,293146.0,5033.0,399112.0,18236.0,692258.0,23269.0,985500.0,28302.0,56367.0,36539.0,19732.0,273414.0,382305.0,655719.0,929133.0,293146.0,399112.0,692258.0,985500.0
05-03-2021,972183.0,43050.0,692960.0,37241.0,279223.0,5809.0,298955.0,5809.0,430544.0,31432.0,729499.0,37241.0,1028550.0,43050.0,56367.0,36539.0,19732.0,279223.0,413737.0,692960.0,972183.0,298955.0,430544.0,729499.0,1028550.0
06-03-2021,1012032.0,39849.0,724202.0,31242.0,287830.0,8607.0,307562.0,8607.0,453179.0,22635.0,760741.0,31242.0,1068399.0,39849.0,56367.0,36539.0,19732.0,287830.0,436372.0,724202.0,1012032.0,307562.0,453179.0,760741.0,1068399.0
07-03-2021,1029189.0,17157.0,737206.0,13004.0,291983.0,4153.0,311715.0,4153.0,462030.0,8851.0,773745.0,13004.0,1085556.0,17157.0,56367.0,36539.0,19732.0,291983.0,445223.0,737206.0,1029189.0,311715.0,462030.0,773745.0,1085556.0
08-03-2021,1033100.0,3911.0,739762.0,2556.0,293338.0,1355.0,318458.0,6743.0,460043.0,-1987.0,778501.0,4756.0,1097057.0,11501.0,63957.0,38739.0,25120.0,293338.0,446424.0,739762.0,1033100.0,318458.0,460043.0,778501.0,1097057.0
09-03-2021,1044091.0,10991.0,748575.0,8813.0,295516.0,2178.0,320636.0,2178.0,466678.0,6635.0,787314.0,8813.0,1108048.0,10991.0,63957.0,38739.0,25120.0,295516.0,453059.0,748575.0,1044091.0,320636.0,466678.0,787314.0,1108048.0
10-03-2021,1055085.0,10994.0,757663.0,9088.0,297422.0,1906.0,322542.0,1906.0,473860.0,7182.0,796402.0,9088.0,1119042.0,10994.0,63957.0,38739.0,25120.0,297422.0,460241.0,757663.0,1055085.0,322542.0,473860.0,796402.0,1119042.0
11-03-2021,1078763.0,23678.0,772343.0,14680.0,306420.0,8998.0,331540.0,8998.0,479542.0,5682.0,811082.0,14680.0,1142720.0,23678.0,63957.0,38739.0,25120.0,306420.0,465923.0,772343.0,1078763.0,331540.0,479542.0,811082.0,1142720.0
12-03-2021,1113885.0,35122.0,793162.0,20819.0,320723.0,14303.0,345843.0,14303.0,486058.0,6516.0,831901.0,20819.0,1177842.0,35122.0,63957.0,38739.0,25120.0,320723.0,472439.0,793162.0,1113885.0,345843.0,486058.0,831901.0,1177842.0
13-03-2021,1147575.0,33690.0,813380.0,20218.0,334195.0,13472.0,359315.0,13472.0,492804.0,6746.0,852119.0,20218.0,1211532.0,33690.0,63957.0,38739.0,25120.0,334195.0,479185.0,813380.0,1147575.0,359315.0,492804.0,852119.0,1211532.0
14-03-2021,1163873.0,16298.0,824313.0,10933.0,339560.0,5365.0,364680.0,5365.0,498372.0,5568.0,863052.0,10933.0,1227830.0,16298.0,63957.0,38739.0,25120.0,339560.0,484753.0,824313.0,1163873.0,364680.0,498372.0,863052.0,1227830.0
15-03-2021,1168215.0,4342.0,827508.0,3195.0,340707.0,1147.0,370103.0,5423.0,502883.0,4511.0,872986.0,9934.0,1243191.0,15361.0,74976.0,45478.0,29396.0,340707.0,486801.0,827508.0,1168215.0,370103.0,502883.0,872986.0,1243191.0
16-03-2021,1193186.0,24971.0,849464.0,21956.0,343722.0,3015.0,373118.0,3015.0,521824.0,18941.0,894942.0,21956.0,1268162.0,24971.0,74976.0,45478.0,29396.0,343722.0,505742.0,849464.0,1193186.0,373118.0,521824.0,894942.0,1268162.0
17-03-2021,1200691.0,7505.0,851022.0,1558.0,349669.0,5947.0,379065.0,5947.0,517435.0,-4389.0,896500.0,1558.0,1275667.0,7505.0,74976.0,45478.0,29396.0,349669.0,501353.0,851022.0,1200691.0,379065.0,517435.0,896500.0,1275667.0
18-03-2021,1235136.0,34445.0,863570.0,12548.0,371566.0,21897.0,400962.0,21897.0,508086.0,-9349.0,909048.0,12548.0,1310112.0,34445.0,74976.0,45478.0,29396.0,371566.0,492004.0,863570.0,1235136.0,400962.0,508086.0,909048.0,1310112.0
19-03-2021,1280409.0,45273.0,875490.0,11920.0,404919.0,33353.0,434315.0,33353.0,486653.0,-21433.0,920968.0,11920.0,1355385.0,45273.0,74976.0,45478.0,29396.0,404919.0,470571.0,875490.0,1280409.0,434315.0,486653.0,920968.0,1355385.0
20-03-2021,1325266.0,44857.0,892372.0,16882.0,432894.0,27975.0,462290.0,27975.0,475560.0,-11093.0,937850.0,16882.0,1400242.0,44857.0,74976.0,45478.0,29396.0,432894.0,459478.0,892372.0,1325266.0,462290.0,475560.0,937850.0,1400242.0
21-03-2021,1348331.0,23065.0,902527.0,10155.0,445804.0,12910.0,475200.0,12910.0,472805.0,-2755.0,948005.0,10155.0,1423307.0,23065.0,74976.0,45478.0,29396.0,445804.0,456723.0,902527.0,1348331.0,475200.0,472805.0,948005.0,1423307.0
22-03-2021,1351516.0,3185.0,903964.0,1437.0,447552.0,1748.0,479877.0,4677.0,473998.0,1193.0,953875.0,5870.0,1433869.0,10562.0,82353.0,49911.0,32325.0,447552.0,456412.0,903964.0,1351516.0,479877.0,473998.0,953875.0,1433869.0
23-03-2021,1369242.0,17726.0,914058.0,10094.0,455184.0,7632.0,487509.0,7632.0,476460.0,2462.0,963969.0,10094.0,1451595.0,17726.0,82353.0,49911.0,32325.0,455184.0,458874.0,914058.0,1369242.0,487509.0,476460.0,963969.0,1451595.0
24-03-2021,1391551.0,22309.0,934295.0,20237.0,457256.0,2072.0,489581.0,2072.0,494625.0,18165.0,984206.0,20237.0,1473904.0,22309.0,82353.0,49911.0,32325.0,457256.0,477039.0,934295.0,1391551.0,489581.0,494625.0,984206.0,1473904.0
25-03-2021,1434044.0,42493.0,973181.0,38886.0,460863.0,3607.0,493188.0,3607.0,529904.0,35279.0,1023092.0,38886.0,1516397.0,42493.0,82353.0,49911.0,32325.0,460863.0,512318.0,973181.0,1434044.0,493188.0,529904.0,1023092.0,1516397.0
26-03-2021,1505476.0,71432.0,1040109.0,66928.0,465367.0,4504.0,497692.0,4504.0,592328.0,62424.0,1090020.0,66928.0,1587829.0,71432.0,82353.0,49911.0,32325.0,465367.0,574742.0,1040109.0,1505476.0,497692.0,592328.0,1090020.0,1587829.0
27-03-2021,1536184.0,30708.0,1068361.0,28252.0,467823.0,2456.0,500148.0,2456.0,618124.0,25796.0,1118272.0,28252.0,1618537.0,30708.0,82353.0,49911.0,32325.0,467823.0,600538.0,1068361.0,1536184.0,500148.0,618124.0,1118272.0,1618537.0
28-03-2021,1599599.0,63415.0,1130258.0,61897.0,469341.0,1518.0,501666.0,1518.0,678503.0,60379.0,1180169.0,61897.0,1681952.0,63415.0,82353.0,49911.0,32325.0,469341.0,660917.0,1130258.0,1599599.0,501666.0,678503.0,1180169.0,1681952.0
29-03-2021,1618399.0,18800.0,1148757.0,18499.0,469642.0,301.0,501065.0,-601.0,708788.0,30285.0,1209853.0,29684.0,1711033.0,29081.0,92634.0,61096.0,31423.0,469642.0,679115.0,1148757.0,1618399.0,501065.0,708788.0,1209853.0,1711033.0
30-03-2021,1641946.0,23547.0,1169676.0,20919.0,472270.0,2628.0,503693.0,2628.0,727079.0,18291.0,1230772.0,20919.0,1734580.0,23547.0,92634.0,61096.0,31423.0,472270.0,697406.0,1169676.0,1641946.0,503693.0,727079.0,1230772.0,1734580.0
31-03-2021,1672893.0,30947.0,1197027.0,27351.0,475866.0,3596.0,507289.0,3596.0,750834.0,23755.0,1258123.0,27351.0,1765527.0,30947.0,92634.0,61096.0,31423.0,475866.0,721161.0,1197027.0,1672893.0,507289.0,750834.0,1258123.0,1765527.0
01-04-2021,1696569.0,23676.0,1210996.0,13969.0,485573.0,9707.0,516996.0,9707.0,755096.0,4262.0,1272092.0,13969.0,1789203.0,23676.0,92634.0,61096.0,31423.0,485573.0,725423.0,1210996.0,1696569.0,516996.0,755096.0,1272092.0,1789203.0
02-04-2021,1779850.0,83281.0,1252229.0,41233.0,527621.0,42048.0,559044.0,42048.0,754281.0,-815.0,1313325.0,41233.0,1872484.0,83281.0,92634.0,61096.0,31423.0,527621.0,724608.0,1252229.0,1779850.0,559044.0,754281.0,1313325.0,1872484.0
03-04-2021,1815284.0,35434.0,1270907.0,18678.0,544377.0,16756.0,575800.0,16756.0,756203.0,1922.0,1332003.0,18678.0,1907918.0,35434.0,92634.0,61096.0,31423.0,544377.0,726530.0,1270907.0,1815284.0,575800.0,756203.0,1332003.0,1907918.0
04-04-2021,1833218.0,17934.0,1281718.0,10811.0,551500.0,7123.0,582923.0,7123.0,759891.0,3688.0,1342814.0,10811.0,1925852.0,17934.0,92634.0,61096.0,31423.0,551500.0,730218.0,1281718.0,1833218.0,582923.0,759891.0,1342814.0,1925852.0
05-04-2021,1834825.0,1607.0,1282956.0,1238.0,551869.0,369.0,585170.0,2247.0,761714.0,1823.0,1346884.0,4070.0,1932166.0,6314.0,97341.0,63928.0,33301.0,551869.0,731087.0,1282956.0,1834825.0,585170.0,761714.0,1346884.0,1932166.0
06-04-2021,1867470.0,32645.0,1309681.0,26725.0,557789.0,5920.0,591090.0,5920.0,782519.0,20805.0,1373609.0,26725.0,1964811.0,32645.0,97341.0,63928.0,33301.0,557789.0,751892.0,1309681.0,1867470.0,591090.0,782519.0,1373609.0,1964811.0
07-04-2021,1907188.0,39718.0,1346317.0,36636.0,560871.0,3082.0,594172.0,3082.0,816073.0,33554.0,1410245.0,36636.0,2004529.0,39718.0,97341.0,63928.0,33301.0,560871.0,785446.0,1346317.0,1907188.0,594172.0,816073.0,1410245.0,2004529.0
08-04-2021,1969036.0,61848.0,1397726.0,51409.0,571310.0,10439.0,604611.0,10439.0,857043.0,40970.0,1461654.0,51409.0,2066377.0,61848.0,97341.0,63928.0,33301.0,571310.0,826416.0,1397726.0,1969036.0,604611.0,857043.0,1461654.0,2066377.0
09-04-2021,2039528.0,70492.0,1453212.0,55486.0,586316.0,15006.0,619617.0,15006.0,897523.0,40480.0,1517140.0,55486.0,2136869.0,70492.0,97341.0,63928.0,33301.0,586316.0,866896.0,1453212.0,2039528.0,619617.0,897523.0,1517140.0,2136869.0
10-04-2021,2109087.0,69559.0,1510186.0,56974.0,598901.0,12585.0,632202.0,12585.0,941912.0,44389.0,1574114.0,56974.0,2206428.0,69559.0,97341.0,63928.0,33301.0,598901.0,911285.0,1510186.0,2109087.0,632202.0,941912.0,1574114.0,2206428.0
11-04-2021,2121998.0,12911.0,1520991.0,10805.0,601007.0,2106.0,634308.0,2106.0,950611.0,8699.0,1584919.0,10805.0,2219339.0,12911.0,97341.0,63928.0,33301.0,601007.0,919984.0,1520991.0,2121998.0,634308.0,950611.0,1584919.0,2219339.0
12-04-2021,2124821.0,2823.0,1523230.0,2239.0,601591.0,584.0,637909.0,3601.0,964907.0,14296.0,1602816.0,17897.0,2240816.0,21477.0,115995.0,79586.0,36318.0,601591.0,921639.0,1523230.0,2124821.0,637909.0,964907.0,1602816.0,2240816.0
13-04-2021,2156805.0,31984.0,1553052.0,29822.0,603753.0,2162.0,640071.0,2162.0,992567.0,27660.0,1632638.0,29822.0,2272800.0,31984.0,115995.0,79586.0,36318.0,603753.0,949299.0,1553052.0,2156805.0,640071.0,992567.0,1632638.0,2272800.0
14-04-2021,2201032.0,44227.0,1595499.0,42447.0,605533.0,1780.0,641851.0,1780.0,1033234.0,40667.0,1675085.0,42447.0,2317027.0,44227.0,115995.0,79586.0,36318.0,605533.0,989966.0,1595499.0,2201032.0,641851.0,1033234.0,1675085.0,2317027.0
15-04-2021,2264585.0,63553.0,1648159.0,52660.0,616426.0,10893.0,652744.0,10893.0,1075001.0,41767.0,1727745.0,52660.0,2380580.0,63553.0,115995.0,79586.0,36318.0,616426.0,1031733.0,1648159.0,2264585.0,652744.0,1075001.0,1727745.0,2380580.0
16-04-2021,2334229.0,69644.0,1707672.0,59513.0,626557.0,10131.0,662875.0,10131.0,1124383.0,49382.0,1787258.0,59513.0,2450224.0,69644.0,115995.0,79586.0,36318.0,626557.0,1081115.0,1707672.0,2334229.0,662875.0,1124383.0,1787258.0,2450224.0
17-04-2021,2402024.0,67795.0,1755512.0,47840.0,646512.0,19955.0,682830.0,19955.0,1152268.0,27885.0,1835098.0,47840.0,2518019.0,67795.0,115995.0,79586.0,36318.0,646512.0,1109000.0,1755512.0,2402024.0,682830.0,1152268.0,1835098.0,2518019.0
18-04-2021,2520842.0,118818.0,1869400.0,113888.0,651442.0,4930.0,687760.0,4930.0,1261226.0,108958.0,1948986.0,113888.0,2636837.0,118818.0,115995.0,79586.0,36318.0,651442.0,1217958.0,1869400.0,2520842.0,687760.0,1261226.0,1948986.0,2636837.0
19-04-2021,2586728.0,65886.0,1933854.0,64454.0,652874.0,1432.0,691817.0,4057.0,1335478.0,74252.0,2027295.0,78309.0,2719207.0,82370.0,132479.0,93441.0,38943.0,652874.0,1280980.0,1933854.0,2586728.0,691817.0,1335478.0,2027295.0,2719207.0
20-04-2021,2619092.0,32364.0,1955051.0,21197.0,664041.0,11167.0,702984.0,11167.0,1345508.0,10030.0,2048492.0,21197.0,2751571.0,32364.0,132479.0,93441.0,38943.0,664041.0,1291010.0,1955051.0,2619092.0,702984.0,1345508.0,2048492.0,2751571.0
21-04-2021,2657305.0,38213.0,1984288.0,29237.0,673017.0,8976.0,711960.0,8976.0,1365769.0,20261.0,2077729.0,29237.0,2789784.0,38213.0,132479.0,93441.0,38943.0,673017.0,1311271.0,1984288.0,2657305.0,711960.0,1365769.0,2077729.0,2789784.0
22-04-2021,2711174.0,53869.0,2014270.0,29982.0,696904.0,23887.0,735847.0,23887.0,1371864.0,6095.0,2107711.0,29982.0,2843653.0,53869.0,132479.0,93441.0,38943.0,696904.0,1317366.0,2014270.0,2711174.0,735847.0,1371864.0,2107711.0,2843653.0
23-04-2021,2778982.0,67808.0,2042747.0,28477.0,736235.0,39331.0,775178.0,39331.0,1361010.0,-10854.0,2136188.0,28477.0,2911461.0,67808.0,132479.0,93441.0,38943.0,736235.0,1306512.0,2042747.0,2778982.0,775178.0,1361010.0,2136188.0,2911461.0
24-04-2021,2856538.0,77556.0,2082368.0,39621.0,774170.0,37935.0,813113.0,37935.0,1362696.0,1686.0,2175809.0,39621.0,2989017.0,77556.0,132479.0,93441.0,38943.0,774170.0,1308198.0,2082368.0,2856538.0,813113.0,1362696.0,2175809.0,2989017.0
25-04-2021,2900151.0,43613.0,2113699.0,31331.0,786452.0,12282.0,825395.0,12282.0,1381745.0,19049.0,2207140.0,31331.0,3032630.0,43613.0,132479.0,93441.0,38943.0,786452.0,1327247.0,2113699.0,2900151.0,825395.0,1381745.0,2207140.0,3032630.0
26-04-2021,2913895.0,13744.0,2125721.0,12022.0,788174.0,1722.0,830261.0,4866.0,1406858.0,25113.0,2237119.0,29979.0,3067486.0,34856.0,153591.0,111398.0,42087.0,788174.0,1337547.0,2125721.0,2913895.0,830261.0,1406858.0,2237119.0,3067486.0
27-04-2021,2962794.0,48899.0,2166003.0,40282.0,796791.0,8617.0,838878.0,8617.0,1438523.0,31665.0,2277401.0,40282.0,3116385.0,48899.0,153591.0,111398.0,42087.0,796791.0,1369212.0,2166003.0,2962794.0,838878.0,1438523.0,2277401.0,3116385.0
28-04-2021,3012175.0,49381.0,2205184.0,39181.0,806991.0,10200.0,849078.0,10200.0,1467504.0,28981.0,2316582.0,39181.0,3165766.0,49381.0,153591.0,111398.0,42087.0,806991.0,1398193.0,2205184.0,3012175.0,849078.0,1467504.0,2316582.0,3165766.0
29-04-2021,3084946.0,72771.0,2259097.0,53913.0,825849.0,18858.0,867936.0,18858.0,1502559.0,35055.0,2370495.0,53913.0,3238537.0,72771.0,153591.0,111398.0,42087.0,825849.0,1433248.0,2259097.0,3084946.0,867936.0,1502559.0,2370495.0,3238537.0
30-04-2021,3165753.0,80807.0,2321673.0,62576.0,844080.0,18231.0,886167.0,18231.0,1546904.0,44345.0,2433071.0,62576.0,3319344.0,80807.0,153591.0,111398.0,42087.0,844080.0,1477593.0,2321673.0,3165753.0,886167.0,1546904.0,2433071.0,3319344.0
01-05-2021,3252056.0,86303.0,2390948.0,69275.0,861108.0,17028.0,903195.0,17028.0,1599151.0,52247.0,2502346.0,69275.0,3405647.0,86303.0,153591.0,111398.0,42087.0,861108.0,1529840.0,2390948.0,3252056.0,903195.0,1599151.0,2502346.0,3405647.0
02-05-2021,3303560.0,51504.0,2433008.0,42060.0,870552.0,9444.0,912639.0,9444.0,1631767.0,32616.0,2544406.0,42060.0,3457151.0,51504.0,153591.0,111398.0,42087.0,870552.0,1562456.0,2433008.0,3303560.0,912639.0,1631767.0,2544406.0,3457151.0
03-05-2021,3324285.0,20725.0,2451606.0,18598.0,872679.0,2127.0,919771.0,7132.0,1662871.0,31104.0,2582642.0,38236.0,3501251.0,44100.0,176966.0,131036.0,47092.0,872679.0,1578927.0,2451606.0,3324285.0,919771.0,1662871.0,2582642.0,3501251.0
04-05-2021,3389345.0,65060.0,2503050.0,51444.0,886295.0,13616.0,933387.0,13616.0,1700699.0,37828.0,2634086.0,51444.0,3566311.0,65060.0,176966.0,131036.0,47092.0,886295.0,1616755.0,2503050.0,3389345.0,933387.0,1700699.0,2634086.0,3566311.0
05-05-2021,3466452.0,77107.0,2563248.0,60198.0,903204.0,16909.0,950296.0,16909.0,1743988.0,43289.0,2694284.0,60198.0,3643418.0,77107.0,176966.0,131036.0,47092.0,903204.0,1660044.0,2563248.0,3466452.0,950296.0,1743988.0,2694284.0,3643418.0
06-05-2021,3557381.0,90929.0,2611805.0,48557.0,945576.0,42372.0,992668.0,42372.0,1750173.0,6185.0,2742841.0,48557.0,3734347.0,90929.0,176966.0,131036.0,47092.0,945576.0,1666229.0,2611805.0,3557381.0,992668.0,1750173.0,2742841.0,3734347.0
07-05-2021,3658405.0,101024.0,2661532.0,49727.0,996873.0,51297.0,1043965.0,51297.0,1748603.0,-1570.0,2792568.0,49727.0,3835371.0,101024.0,176966.0,131036.0,47092.0,996873.0,1664659.0,2661532.0,3658405.0,1043965.0,1748603.0,2792568.0,3835371.0
08-05-2021,3762655.0,104250.0,2708964.0,47432.0,1053691.0,56818.0,1100783.0,56818.0,1739217.0,-9386.0,2840000.0,47432.0,3939621.0,104250.0,176966.0,131036.0,47092.0,1053691.0,1655273.0,2708964.0,3762655.0,1100783.0,1739217.0,2840000.0,3939621.0
09-05-2021,3845140.0,82485.0,2777561.0,68597.0,1067579.0,13888.0,1114671.0,13888.0,1793926.0,54709.0,2908597.0,68597.0,4022106.0,82485.0,176966.0,131036.0,47092.0,1067579.0,1709982.0,2777561.0,3845140.0,1114671.0,1793926.0,2908597.0,4022106.0
10-05-2021,3884052.0,38912.0,2814783.0,37222.0,1069269.0,1690.0,1137682.0,23011.0,1826403.0,32477.0,2964085.0,55488.0,4088302.0,66196.0,204250.0,149302.0,68413.0,1069269.0,1745514.0,2814783.0,3884052.0,1137682.0,1826403.0,2964085.0,4088302.0
11-05-2021,3962598.0,78546.0,2873644.0,58861.0,1088954.0,19685.0,1157367.0,19685.0,1865579.0,39176.0,3022946.0,58861.0,4166848.0,78546.0,204250.0,149302.0,68413.0,1088954.0,1784690.0,2873644.0,3962598.0,1157367.0,1865579.0,3022946.0,4166848.0
12-05-2021,4031909.0,69311.0,2926888.0,53244.0,1105021.0,16067.0,1173434.0,16067.0,1902756.0,37177.0,3076190.0,53244.0,4236159.0,69311.0,204250.0,149302.0,68413.0,1105021.0,1821867.0,2926888.0,4031909.0,1173434.0,1902756.0,3076190.0,4236159.0
13-05-2021,4100308.0,68399.0,2980170.0,53282.0,1120138.0,15117.0,1188551.0,15117.0,1940921.0,38165.0,3129472.0,53282.0,4304558.0,68399.0,204250.0,149302.0,68413.0,1120138.0,1860032.0,2980170.0,4100308.0,1188551.0,1940921.0,3129472.0,4304558.0
14-05-2021,4172805.0,72497.0,3033070.0,52900.0,1139735.0,19597.0,1208148.0,19597.0,1974224.0,33303.0,3182372.0,52900.0,4377055.0,72497.0,204250.0,149302.0,68413.0,1139735.0,1893335.0,3033070.0,4172805.0,1208148.0,1974224.0,3182372.0,4377055.0
15-05-2021,4252647.0,79842.0,3056719.0,23649.0,1195927.0,56192.0,1264340.0,56192.0,1941681.0,-32543.0,3206021.0,23649.0,4456897.0,79842.0,204250.0,149302.0,68413.0,1195927.0,1860792.0,3056719.0,4252647.0,1264340.0,1941681.0,3206021.0,4456897.0
16-05-2021,4382497.0,129850.0,3062741.0,6022.0,1319755.0,123828.0,1388168.0,123828.0,1823875.0,-117806.0,3212043.0,6022.0,4586747.0,129850.0,204250.0,149302.0,68413.0,1319755.0,1742986.0,3062741.0,4382497.0,1388168.0,1823875.0,3212043.0,4586747.0
17-05-2021,4446654.0,64157.0,3100195.0,37454.0,1346459.0,26704.0,1441311.0,53143.0,1828307.0,4432.0,3269618.0,57575.0,4679734.0,92987.0,233080.0,169423.0,94852.0,1346459.0,1753736.0,3100195.0,4446654.0,1441311.0,1828307.0,3269618.0,4679734.0
18-05-2021,4515124.0,68470.0,3147970.0,47775.0,1367154.0,20695.0,1462006.0,20695.0,1855387.0,27080.0,3317393.0,47775.0,4748204.0,68470.0,233080.0,169423.0,94852.0,1367154.0,1780816.0,3147970.0,4515124.0,1462006.0,1855387.0,3317393.0,4748204.0
19-05-2021,4594620.0,79496.0,3203905.0,55935.0,1390715.0,23561.0,1485567.0,23561.0,1887761.0,32374.0,3373328.0,55935.0,4827700.0,79496.0,233080.0,169423.0,94852.0,1390715.0,1813190.0,3203905.0,4594620.0,1485567.0,1887761.0,3373328.0,4827700.0
20-05-2021,4673916.0,79296.0,3256652.0,52747.0,1417264.0,26549.0,1512116.0,26549.0,1913959.0,26198.0,3426075.0,52747.0,4906996.0,79296.0,233080.0,169423.0,94852.0,1417264.0,1839388.0,3256652.0,4673916.0,1512116.0,1913959.0,3426075.0,4906996.0
21-05-2021,4756567.0,82651.0,3311059.0,54407.0,1445508.0,28244.0,1540360.0,28244.0,1940122.0,26163.0,3480482.0,54407.0,4989647.0,82651.0,233080.0,169423.0,94852.0,1445508.0,1865551.0,3311059.0,4756567.0,1540360.0,1940122.0,3480482.0,4989647.0
22-05-2021,4842021.0,85454.0,3360399.0,49340.0,1481622.0,36114.0,1576474.0,36114.0,1953348.0,13226.0,3529822.0,49340.0,5075101.0,85454.0,233080.0,169423.0,94852.0,1481622.0,1878777.0,3360399.0,4842021.0,1576474.0,1953348.0,3529822.0,5075101.0
23-05-2021,4913087.0,71066.0,3396928.0,36529.0,1516159.0,34537.0,1611011.0,34537.0,1955340.0,1992.0,3566351.0,36529.0,5146167.0,71066.0,233080.0,169423.0,94852.0,1516159.0,1880769.0,3396928.0,4913087.0,1611011.0,1955340.0,3566351.0,5146167.0
24-05-2021,4941964.0,28877.0,3413468.0,16540.0,1528496.0,12337.0,1659721.0,48710.0,1937836.0,-17504.0,3597557.0,31206.0,5202267.0,56100.0,260303.0,184089.0,131225.0,1528496.0,1884972.0,3413468.0,4941964.0,1659721.0,1937836.0,3597557.0,5202267.0
25-05-2021,5009910.0,67946.0,3456990.0,43522.0,1552920.0,24424.0,1684145.0,24424.0,1956934.0,19098.0,3641079.0,43522.0,5270213.0,67946.0,260303.0,184089.0,131225.0,1552920.0,1904070.0,3456990.0,5009910.0,1684145.0,1956934.0,3641079.0,5270213.0
26-05-2021,5078712.0,68802.0,3506470.0,49480.0,1572242.0,19322.0,1703467.0,19322.0,1987092.0,30158.0,3690559.0,49480.0,5339015.0,68802.0,260303.0,184089.0,131225.0,1572242.0,1934228.0,3506470.0,5078712.0,1703467.0,1987092.0,3690559.0,5339015.0
27-05-2021,5166556.0,87844.0,3550863.0,44393.0,1615693.0,43451.0,1746918.0,43451.0,1988034.0,942.0,3734952.0,44393.0,5426859.0,87844.0,260303.0,184089.0,131225.0,1615693.0,1935170.0,3550863.0,5166556.0,1746918.0,1988034.0,3734952.0,5426859.0
28-05-2021,5265575.0,99019.0,3592722.0,41859.0,1672853.0,57160.0,1804078.0,57160.0,1972733.0,-15301.0,3776811.0,41859.0,5525878.0,99019.0,260303.0,184089.0,131225.0,1672853.0,1919869.0,3592722.0,5265575.0,1804078.0,1972733.0,3776811.0,5525878.0
29-05-2021,5369333.0,103758.0,3632104.0,39382.0,1737229.0,64376.0,1868454.0,64376.0,1947739.0,-24994.0,3816193.0,39382.0,5629636.0,103758.0,260303.0,184089.0,131225.0,1737229.0,1894875.0,3632104.0,5369333.0,1868454.0,1947739.0,3816193.0,5629636.0
30-05-2021,5442582.0,73249.0,3666216.0,34112.0,1776366.0,39137.0,1907591.0,39137.0,1942714.0,-5025.0,3850305.0,34112.0,5702885.0,73249.0,260303.0,184089.0,131225.0,1776366.0,1889850.0,3666216.0,5442582.0,1907591.0,1942714.0,3850305.0,5702885.0
31-05-2021,5472489.0,29907.0,3684821.0,18605.0,1787668.0,11302.0,1986586.0,78995.0,1890847.0,-51867.0,3877433.0,27128.0,5759884.0,56999.0,287395.0,192612.0,198918.0,1787668.0,1897153.0,3684821.0,5472489.0,1986586.0,1890847.0,3877433.0,5759884.0
01-06-2021,5542609.0,70120.0,3716876.0,32055.0,1825733.0,38065.0,2024651.0,38065.0,1884837.0,-6010.0,3909488.0,32055.0,5830004.0,70120.0,287395.0,192612.0,198918.0,1825733.0,1891143.0,3716876.0,5542609.0,2024651.0,1884837.0,3909488.0,5830004.0
02-06-2021,5631365.0,88756.0,3758516.0,41640.0,1872849.0,47116.0,2071767.0,47116.0,1879361.0,-5476.0,3951128.0,41640.0,5918760.0,88756.0,287395.0,192612.0,198918.0,1872849.0,1885667.0,3758516.0,5631365.0,2071767.0,1879361.0,3951128.0,5918760.0
03-06-2021,5720846.0,89481.0,3811706.0,53190.0,1909140.0,36291.0,2108058.0,36291.0,1896260.0,16899.0,4004318.0,53190.0,6008241.0,89481.0,287395.0,192612.0,198918.0,1909140.0,1902566.0,3811706.0,5720846.0,2108058.0,1896260.0,4004318.0,6008241.0
04-06-2021,5792490.0,71644.0,3853565.0,41859.0,1938925.0,29785.0,2137843.0,29785.0,1908334.0,12074.0,4046177.0,41859.0,6079885.0,71644.0,287395.0,192612.0,198918.0,1938925.0,1914640.0,3853565.0,5792490.0,2137843.0,1908334.0,4046177.0,6079885.0
05-06-2021,5883163.0,90673.0,3902612.0,49047.0,1980551.0,41626.0,2179469.0,41626.0,1915755.0,7421.0,4095224.0,49047.0,6170558.0,90673.0,287395.0,192612.0,198918.0,1980551.0,1922061.0,3902612.0,5883163.0,2179469.0,1915755.0,4095224.0,6170558.0
06-06-2021,5964093.0,80930.0,3938442.0,35830.0,2025651.0,45100.0,2224569.0,45100.0,1906485.0,-9270.0,4131054.0,35830.0,6251488.0,80930.0,287395.0,192612.0,198918.0,2025651.0,1912791.0,3938442.0,5964093.0,2224569.0,1906485.0,4131054.0,6251488.0
07-06-2021,6006145.0,42052.0,3958681.0,20239.0,2047464.0,21813.0,2322922.0,98353.0,1839681.0,-66804.0,4162603.0,31549.0,6325160.0,73672.0,319015.0,203922.0,275458.0,2047464.0,1911217.0,3958681.0,6006145.0,2322922.0,1839681.0,4162603.0,6325160.0
08-06-2021,6110360.0,104215.0,4011686.0,53005.0,2098674.0,51210.0,2374132.0,51210.0,1841476.0,1795.0,4215608.0,53005.0,6429375.0,104215.0,319015.0,203922.0,275458.0,2098674.0,1913012.0,4011686.0,6110360.0,2374132.0,1841476.0,4215608.0,6429375.0
09-06-2021,6205863.0,95503.0,4073288.0,61602.0,2132575.0,33901.0,2408033.0,33901.0,1869177.0,27701.0,4277210.0,61602.0,6524878.0,95503.0,319015.0,203922.0,275458.0,2132575.0,1940713.0,4073288.0,6205863.0,2408033.0,1869177.0,4277210.0,6524878.0
10-06-2021,6305180.0,99317.0,4138665.0,65377.0,2166515.0,33940.0,2441973.0,33940.0,1900614.0,31437.0,4342587.0,65377.0,6624195.0,99317.0,319015.0,203922.0,275458.0,2166515.0,1972150.0,4138665.0,6305180.0,2441973.0,1900614.0,4342587.0,6624195.0
11-06-2021,6417569.0,112389.0,4212783.0,74118.0,2204786.0,38271.0,2480244.0,38271.0,1936461.0,35847.0,4416705.0,74118.0,6736584.0,112389.0,319015.0,203922.0,275458.0,2204786.0,2007997.0,4212783.0,6417569.0,2480244.0,1936461.0,4416705.0,6736584.0
12-06-2021,6474013.0,56444.0,4243537.0,30754.0,2230476.0,25690.0,2505934.0,25690.0,1941525.0,5064.0,4447459.0,30754.0,6793028.0,56444.0,319015.0,203922.0,275458.0,2230476.0,2013061.0,4243537.0,6474013.0,2505934.0,1941525.0,4447459.0,6793028.0
13-06-2021,6545036.0,71023.0,4308544.0,65007.0,2236492.0,6016.0,2511950.0,6016.0,2000516.0,58991.0,4512466.0,65007.0,6864051.0,71023.0,319015.0,203922.0,275458.0,2236492.0,2072052.0,4308544.0,6545036.0,2511950.0,2000516.0,4512466.0,6864051.0
14-06-2021,6572806.0,27770.0,4330244.0,21700.0,2242562.0,6070.0,2571145.0,59195.0,1975600.0,-24916.0,4546745.0,34279.0,6929632.0,65581.0,356826.0,216501.0,328583.0,2242562.0,2087682.0,4330244.0,6572806.0,2571145.0,1975600.0,4546745.0,6929632.0
15-06-2021,6665975.0,93169.0,4387691.0,57447.0,2278284.0,35722.0,2606867.0,35722.0,1997325.0,21725.0,4604192.0,57447.0,7022801.0,93169.0,356826.0,216501.0,328583.0,2278284.0,2109407.0,4387691.0,6665975.0,2606867.0,1997325.0,4604192.0,7022801.0
16-06-2021,6768393.0,102418.0,4438408.0,50717.0,2329985.0,51701.0,2658568.0,51701.0,1996341.0,-984.0,4654909.0,50717.0,7125219.0,102418.0,356826.0,216501.0,328583.0,2329985.0,2108423.0,4438408.0,6768393.0,2658568.0,1996341.0,4654909.0,7125219.0
17-06-2021,6879429.0,111036.0,4500125.0,61717.0,2379304.0,49319.0,2707887.0,49319.0,2008739.0,12398.0,4716626.0,61717.0,7236255.0,111036.0,356826.0,216501.0,328583.0,2379304.0,2120821.0,4500125.0,6879429.0,2707887.0,2008739.0,4716626.0,7236255.0
18-06-2021,7047749.0,168320.0,4598549.0,98424.0,2449200.0,69896.0,2777783.0,69896.0,2037267.0,28528.0,4815050.0,98424.0,7404575.0,168320.0,356826.0,216501.0,328583.0,2449200.0,2149349.0,4598549.0,7047749.0,2777783.0,2037267.0,4815050.0,7404575.0
19-06-2021,7098594.0,50845.0,4621946.0,23397.0,2476648.0,27448.0,2805231.0,27448.0,2033216.0,-4051.0,4838447.0,23397.0,7455420.0,50845.0,356826.0,216501.0,328583.0,2476648.0,2145298.0,4621946.0,7098594.0,2805231.0,2033216.0,4838447.0,7455420.0
20-06-2021,7237071.0,138477.0,4669305.0,47359.0,2567766.0,91118.0,2896349.0,91118.0,1989457.0,-43759.0,4885806.0,47359.0,7593897.0,138477.0,356826.0,216501.0,328583.0,2567766.0,2101539.0,4669305.0,7237071.0,2896349.0,1989457.0,4885806.0,7593897.0
21-06-2021,7335981.0,98910.0,4727518.0,58213.0,2608463.0,40697.0,2955992.0,59643.0,1965092.0,-24365.0,4921084.0,35278.0,7654120.0,60223.0,318139.0,193566.0,347529.0,2608463.0,2119055.0,4727518.0,7335981.0,2955992.0,1965092.0,4921084.0,7654120.0
22-06-2021,7367092.0,31111.0,4743032.0,15514.0,2624060.0,15597.0,2971589.0,15597.0,1965009.0,-83.0,4936598.0,15514.0,7685231.0,31111.0,318139.0,193566.0,347529.0,2624060.0,2118972.0,4743032.0,7367092.0,2971589.0,1965009.0,4936598.0,7685231.0
23-06-2021,7473712.0,106620.0,4798204.0,55172.0,2675508.0,51448.0,3023037.0,51448.0,1968733.0,3724.0,4991770.0,55172.0,7791851.0,106620.0,318139.0,193566.0,347529.0,2675508.0,2122696.0,4798204.0,7473712.0,3023037.0,1968733.0,4991770.0,7791851.0
24-06-2021,7584220.0,110508.0,4858850.0,60646.0,2725370.0,49862.0,3072899.0,49862.0,1979517.0,10784.0,5052416.0,60646.0,7902359.0,110508.0,318139.0,193566.0,347529.0,2725370.0,2133480.0,4858850.0,7584220.0,3072899.0,1979517.0,5052416.0,7902359.0
25-06-2021,7695606.0,111386.0,4922099.0,63249.0,2773507.0,48137.0,3121036.0,48137.0,1994629.0,15112.0,5115665.0,63249.0,8013745.0,111386.0,318139.0,193566.0,347529.0,2773507.0,2148592.0,4922099.0,7695606.0,3121036.0,1994629.0,5115665.0,8013745.0
26-06-2021,7805233.0,109627.0,4987437.0,65338.0,2817796.0,44289.0,3165325.0,44289.0,2015678.0,21049.0,5181003.0,65338.0,8123372.0,109627.0,318139.0,193566.0,347529.0,2817796.0,2169641.0,4987437.0,7805233.0,3165325.0,2015678.0,5181003.0,8123372.0
27-06-2021,7903317.0,98084.0,5048460.0,61023.0,2854857.0,37061.0,3202386.0,37061.0,2039640.0,23962.0,5242026.0,61023.0,8221456.0,98084.0,318139.0,193566.0,347529.0,2854857.0,2193603.0,5048460.0,7903317.0,3202386.0,2039640.0,5242026.0,8221456.0
28-06-2021,7956623.0,53306.0,5086547.0,38087.0,2870076.0,15219.0,3296740.0,94354.0,2037376.0,-2264.0,5334116.0,92090.0,8365614.0,144158.0,408991.0,247569.0,426664.0,2870076.0,2216471.0,5086547.0,7956623.0,3296740.0,2037376.0,5334116.0,8365614.0
29-06-2021,8071310.0,114687.0,5149017.0,62470.0,2922293.0,52217.0,3348957.0,52217.0,2047629.0,10253.0,5396586.0,62470.0,8480301.0,114687.0,408991.0,247569.0,426664.0,2922293.0,2226724.0,5149017.0,8071310.0,3348957.0,2047629.0,5396586.0,8480301.0
30-06-2021,8290037.0,218727.0,5270193.0,121176.0,3019844.0,97551.0,3446508.0,,2071254.0,,5517762.0,,8699028.0,,408991.0,247569.0,426664.0,3019844.0,2250349.0,5270193.0,8290037.0,3446508.0,2071254.0,5517762.0,8699028.0
01-07-2021,8571465.0,281428.0,5413040.0,142847.0,3158425.0,138581.0,3585089.0,,2075520.0,,5660609.0,,8980456.0,,408991.0,247569.0,426664.0,3158425.0,2254615.0,5413040.0,8571465.0,3585089.0,2075520.0,5660609.0,8980456.0
02-07-2021,8755846.0,184381.0,5506650.0,93610.0,3249196.0,90771.0,3675860.0,,2078359.0,,5754219.0,,9164837.0,,408991.0,247569.0,426664.0,3249196.0,2257454.0,5506650.0,8755846.0,3675860.0,2078359.0,5754219.0,9164837.0
03-07-2021,8922053.0,166207.0,5589854.0,83204.0,3332199.0,83003.0,3758863.0,,2078560.0,,5837423.0,,9331044.0,,408991.0,247569.0,426664.0,3332199.0,2257655.0,5589854.0,8922053.0,3758863.0,2078560.0,5837423.0,9331044.0
04-07-2021,9060568.0,138515.0,5662065.0,72211.0,3398503.0,66304.0,3825167.0,,2084467.0,,5909634.0,,9469559.0,,408991.0,247569.0,426664.0,3398503.0,2263562.0,5662065.0,9060568.0,3825167.0,2084467.0,5909634.0,9469559.0
05-07-2021,9138620.0,78052.0,5702799.0,40734.0,3435821.0,37318.0,3720680.0,,2020198.0,,5740878.0,,9173720.0,,35100.0,38079.0,284859.0,3435821.0,2266978.0,5702799.0,9138620.0,3720680.0,2020198.0,5740878.0,9173720.0
06-07-2021,9284988.0,146368.0,5771249.0,68450.0,3513739.0,77918.0,3798598.0,77918.0,2010730.0,-9468.0,5809328.0,68450.0,9320088.0,146368.0,35100.0,38079.0,284859.0,3513739.0,2257510.0,5771249.0,9284988.0,3798598.0,2010730.0,5809328.0,9320088.0
07-07-2021,9443691.0,158703.0,5839776.0,68527.0,3603915.0,90176.0,3888774.0,90176.0,1989081.0,-21649.0,5877855.0,68527.0,9478791.0,158703.0,35100.0,38079.0,284859.0,3603915.0,2235861.0,5839776.0,9443691.0,3888774.0,1989081.0,5877855.0,9478791.0
08-07-2021,9625694.0,182003.0,5915601.0,75825.0,3710093.0,106178.0,3994952.0,106178.0,1958728.0,-30353.0,5953680.0,75825.0,9660794.0,182003.0,35100.0,38079.0,284859.0,3710093.0,2205508.0,5915601.0,9625694.0,3994952.0,1958728.0,5953680.0,9660794.0
09-07-2021,,,,,,,,,,,,,,,483777.0,291832.0,479668.0,,,,,,,,
10-07-2021,,,,,,,,,,,,,,,483777.0,291832.0,479668.0,,,,,,,,
11-07-2021,,,,,,,,,,,,,,,483777.0,291832.0,479668.0,,,,,,,,
12-07-2021,9741445.0,,5933112.0,,3808333.0,,4288001.0,,1936943.0,,6224944.0,,10225222.0,,483777.0,291832.0,479668.0,3808333.0,2124779.0,5933112.0,9741445.0,4288001.0,1936943.0,6224944.0,10225222.0
